Command line invocation:
    /Applications/Xcode.app/Contents/Developer/usr/bin/xcodebuild -project Swift-Rnp/Swift-Rnp.xcodeproj -scheme MailPlugin -configuration Direct build CODE_SIGNING_ALLOWED=NO

User defaults from command line:
    IDEPackageSupportUseBuiltinSCM = YES

Build settings from command line:
    CODE_SIGNING_ALLOWED = NO

Resolve Package Graph


Resolved source packages:
  swift-rnp: /Users/mulgogi/src/rnp/swift-rnp @ local

--- xcodebuild: WARNING: Using the first of multiple matching destinations:
{ platform:macOS, arch:arm64, id:00006001-000A710A1144801E }
{ platform:macOS, arch:x86_64, id:00006001-000A710A1144801E }
{ platform:macOS, name:Any Mac }
Prepare packages

ComputeTargetDependencyGraph
note: Building targets in dependency order
note: Target dependency graph (7 targets)
    Target 'Ribose container' in project 'Swift-Rnp'
        ➜ Explicit dependency on target 'MailPlugin' in project 'Swift-Rnp'
        ➜ Explicit dependency on target 'Rnp' in project 'swift-rnp'
        ➜ Explicit dependency on target 'MailSecurityEngine' in project 'swift-rnp'
    Target 'MailPlugin' in project 'Swift-Rnp'
        ➜ Explicit dependency on target 'Rnp' in project 'swift-rnp'
        ➜ Explicit dependency on target 'MailSecurityEngine' in project 'swift-rnp'
    Target 'MailSecurityEngine' in project 'swift-rnp'
        ➜ Explicit dependency on target 'MailSecurityEngine' in project 'swift-rnp'
        ➜ Explicit dependency on target 'Rnp' in project 'swift-rnp'
    Target 'MailSecurityEngine' in project 'swift-rnp'
        ➜ Explicit dependency on target 'CRnp' in project 'swift-rnp'
        ➜ Explicit dependency on target 'Rnp' in project 'swift-rnp'
    Target 'Rnp' in project 'swift-rnp'
        ➜ Explicit dependency on target 'Rnp' in project 'swift-rnp'
    Target 'Rnp' in project 'swift-rnp'
        ➜ Explicit dependency on target 'CRnp' in project 'swift-rnp'
    Target 'CRnp' in project 'swift-rnp' (no dependencies)

GatherProvisioningInputs

CreateBuildDescription
Build description signature: bc0b37e4d3cdbf6a479ec37d7873b1d8
Build description path: /Users/mulgogi/src/rnp/swift-rnp/Swift-Rnp/Build/Intermediates/XCBuildData/bc0b37e4d3cdbf6a479ec37d7873b1d8.xcbuilddata

CreateBuildDirectory /Users/mulgogi/src/rnp/swift-rnp/Swift-Rnp/Build/Products
    cd /Users/mulgogi/src/rnp/swift-rnp/Swift-Rnp/Swift-Rnp.xcodeproj
    builtin-create-build-directory /Users/mulgogi/src/rnp/swift-rnp/Swift-Rnp/Build/Products

CreateBuildDirectory /Users/mulgogi/src/rnp/swift-rnp/Swift-Rnp/Build/Intermediates
    cd /Users/mulgogi/src/rnp/swift-rnp/Swift-Rnp/Swift-Rnp.xcodeproj
    builtin-create-build-directory /Users/mulgogi/src/rnp/swift-rnp/Swift-Rnp/Build/Intermediates

CreateBuildDirectory /Users/mulgogi/src/rnp/swift-rnp/Swift-Rnp/Build/Products/Direct
    cd /Users/mulgogi/src/rnp/swift-rnp/Swift-Rnp/Swift-Rnp.xcodeproj
    builtin-create-build-directory /Users/mulgogi/src/rnp/swift-rnp/Swift-Rnp/Build/Products/Direct

CreateBuildDirectory /Users/mulgogi/src/rnp/swift-rnp/Swift-Rnp/Build/Intermediates/EagerLinkingTBDs/Direct
    cd /Users/mulgogi/src/rnp/swift-rnp/Swift-Rnp/Swift-Rnp.xcodeproj
    builtin-create-build-directory /Users/mulgogi/src/rnp/swift-rnp/Swift-Rnp/Build/Intermediates/EagerLinkingTBDs/Direct

CreateBuildDirectory /Users/mulgogi/src/rnp/swift-rnp/Swift-Rnp/Build/Products/Direct/PackageFrameworks
    cd /Users/mulgogi/src/rnp/swift-rnp/Swift-Rnp/Swift-Rnp.xcodeproj
    builtin-create-build-directory /Users/mulgogi/src/rnp/swift-rnp/Swift-Rnp/Build/Products/Direct/PackageFrameworks

WriteAuxiliaryFile /Users/mulgogi/src/rnp/swift-rnp/Swift-Rnp/Build/Intermediates/swift-rnp.build/Direct/Rnp.build/Rnp.modulemap (in target 'Rnp' from project 'swift-rnp')
    cd /Users/mulgogi/src/rnp/swift-rnp
    write-file /Users/mulgogi/src/rnp/swift-rnp/Swift-Rnp/Build/Intermediates/swift-rnp.build/Direct/Rnp.build/Rnp.modulemap

ProcessXCFramework /Users/mulgogi/src/rnp/swift-rnp/Vendor/RNPFramework.xcframework /Users/mulgogi/src/rnp/swift-rnp/Swift-Rnp/Build/Products/Direct/RNPFramework.framework macos
    cd /Users/mulgogi/src/rnp/swift-rnp/Swift-Rnp/Swift-Rnp.xcodeproj
    builtin-process-xcframework --xcframework /Users/mulgogi/src/rnp/swift-rnp/Vendor/RNPFramework.xcframework --platform macos --target-path /Users/mulgogi/src/rnp/swift-rnp/Swift-Rnp/Build/Products/Direct

Copy /Users/mulgogi/src/rnp/swift-rnp/Swift-Rnp/Build/Intermediates/GeneratedModuleMaps/Rnp.modulemap /Users/mulgogi/src/rnp/swift-rnp/Swift-Rnp/Build/Intermediates/swift-rnp.build/Direct/Rnp.build/Rnp.modulemap (in target 'Rnp' from project 'swift-rnp')
    cd /Users/mulgogi/src/rnp/swift-rnp
    builtin-copy -exclude .DS_Store -exclude CVS -exclude .svn -exclude .git -exclude .hg -strip-unsigned-binaries -strip-deterministic -strip-tool /Applications/Xcode.app/Contents/Developer/Toolchains/XcodeDefault.xctoolchain/usr/bin/strip -resolve-src-symlinks /Users/mulgogi/src/rnp/swift-rnp/Swift-Rnp/Build/Intermediates/swift-rnp.build/Direct/Rnp.build/Rnp.modulemap /Users/mulgogi/src/rnp/swift-rnp/Swift-Rnp/Build/Intermediates/GeneratedModuleMaps

WriteAuxiliaryFile /Users/mulgogi/src/rnp/swift-rnp/Swift-Rnp/Build/Intermediates/swift-rnp.build/Direct/Rnp.build/Objects-normal/x86_64/Rnp_const_extract_protocols.json (in target 'Rnp' from project 'swift-rnp')
    cd /Users/mulgogi/src/rnp/swift-rnp
    write-file /Users/mulgogi/src/rnp/swift-rnp/Swift-Rnp/Build/Intermediates/swift-rnp.build/Direct/Rnp.build/Objects-normal/x86_64/Rnp_const_extract_protocols.json

WriteAuxiliaryFile /Users/mulgogi/src/rnp/swift-rnp/Swift-Rnp/Build/Intermediates/swift-rnp.build/Direct/Rnp.build/Objects-normal/x86_64/Rnp.SwiftFileList (in target 'Rnp' from project 'swift-rnp')
    cd /Users/mulgogi/src/rnp/swift-rnp
    write-file /Users/mulgogi/src/rnp/swift-rnp/Swift-Rnp/Build/Intermediates/swift-rnp.build/Direct/Rnp.build/Objects-normal/x86_64/Rnp.SwiftFileList

WriteAuxiliaryFile /Users/mulgogi/src/rnp/swift-rnp/Swift-Rnp/Build/Intermediates/swift-rnp.build/Direct/Rnp.build/Objects-normal/x86_64/Rnp-OutputFileMap.json (in target 'Rnp' from project 'swift-rnp')
    cd /Users/mulgogi/src/rnp/swift-rnp
    write-file /Users/mulgogi/src/rnp/swift-rnp/Swift-Rnp/Build/Intermediates/swift-rnp.build/Direct/Rnp.build/Objects-normal/x86_64/Rnp-OutputFileMap.json

WriteAuxiliaryFile /Users/mulgogi/src/rnp/swift-rnp/Swift-Rnp/Build/Intermediates/swift-rnp.build/Direct/Rnp.build/Objects-normal/x86_64/Rnp.LinkFileList (in target 'Rnp' from project 'swift-rnp')
    cd /Users/mulgogi/src/rnp/swift-rnp
    write-file /Users/mulgogi/src/rnp/swift-rnp/Swift-Rnp/Build/Intermediates/swift-rnp.build/Direct/Rnp.build/Objects-normal/x86_64/Rnp.LinkFileList

WriteAuxiliaryFile /Users/mulgogi/src/rnp/swift-rnp/Swift-Rnp/Build/Intermediates/swift-rnp.build/Direct/Rnp.build/Objects-normal/arm64/Rnp.LinkFileList (in target 'Rnp' from project 'swift-rnp')
    cd /Users/mulgogi/src/rnp/swift-rnp
    write-file /Users/mulgogi/src/rnp/swift-rnp/Swift-Rnp/Build/Intermediates/swift-rnp.build/Direct/Rnp.build/Objects-normal/arm64/Rnp.LinkFileList

WriteAuxiliaryFile /Users/mulgogi/src/rnp/swift-rnp/Swift-Rnp/Build/Intermediates/swift-rnp.build/Direct/Rnp.build/Objects-normal/arm64/Rnp_const_extract_protocols.json (in target 'Rnp' from project 'swift-rnp')
    cd /Users/mulgogi/src/rnp/swift-rnp
    write-file /Users/mulgogi/src/rnp/swift-rnp/Swift-Rnp/Build/Intermediates/swift-rnp.build/Direct/Rnp.build/Objects-normal/arm64/Rnp_const_extract_protocols.json

WriteAuxiliaryFile /Users/mulgogi/src/rnp/swift-rnp/Swift-Rnp/Build/Intermediates/swift-rnp.build/Direct/Rnp.build/Objects-normal/arm64/Rnp-OutputFileMap.json (in target 'Rnp' from project 'swift-rnp')
    cd /Users/mulgogi/src/rnp/swift-rnp
    write-file /Users/mulgogi/src/rnp/swift-rnp/Swift-Rnp/Build/Intermediates/swift-rnp.build/Direct/Rnp.build/Objects-normal/arm64/Rnp-OutputFileMap.json

WriteAuxiliaryFile /Users/mulgogi/src/rnp/swift-rnp/Swift-Rnp/Build/Intermediates/swift-rnp.build/Direct/Rnp.build/Objects-normal/arm64/Rnp.SwiftFileList (in target 'Rnp' from project 'swift-rnp')
    cd /Users/mulgogi/src/rnp/swift-rnp
    write-file /Users/mulgogi/src/rnp/swift-rnp/Swift-Rnp/Build/Intermediates/swift-rnp.build/Direct/Rnp.build/Objects-normal/arm64/Rnp.SwiftFileList

SwiftDriver Rnp normal arm64 com.apple.xcode.tools.swift.compiler (in target 'Rnp' from project 'swift-rnp')
    cd /Users/mulgogi/src/rnp/swift-rnp
    builtin-SwiftDriver -- /Applications/Xcode.app/Contents/Developer/Toolchains/XcodeDefault.xctoolchain/usr/bin/swiftc -module-name Rnp -O -whole-module-optimization -enforce-exclusivity\=checked @/Users/mulgogi/src/rnp/swift-rnp/Swift-Rnp/Build/Intermediates/swift-rnp.build/Direct/Rnp.build/Objects-normal/arm64/Rnp.SwiftFileList -DSWIFT_PACKAGE -Xcc -fmodule-map-file\=/Users/mulgogi/src/rnp/swift-rnp/Sources/CRnp/module.modulemap -DXcode -I/Users/mulgogi/src/rnp/swift-rnp/Vendor/RNPFramework.xcframework/macos-arm64_x86_64/RNPFramework.framework/Headers -sdk /Applications/Xcode.app/Contents/Developer/Platforms/MacOSX.platform/Developer/SDKs/MacOSX14.0.sdk -target arm64-apple-macos12.0 -g -module-cache-path /Users/mulgogi/Library/Developer/Xcode/DerivedData/ModuleCache.noindex -Xfrontend -serialize-debugging-options -swift-version 5 -I /Users/mulgogi/src/rnp/swift-rnp/Swift-Rnp/Build/Products/Direct -I /Applications/Xcode.app/Contents/Developer/Platforms/MacOSX.platform/Developer/usr/lib -F /Users/mulgogi/src/rnp/swift-rnp/Swift-Rnp/Build/Products/Direct -F /Applications/Xcode.app/Contents/Developer/Platforms/MacOSX.platform/Developer/Library/Frameworks -c -num-threads 10 -output-file-map /Users/mulgogi/src/rnp/swift-rnp/Swift-Rnp/Build/Intermediates/swift-rnp.build/Direct/Rnp.build/Objects-normal/arm64/Rnp-OutputFileMap.json -use-frontend-parseable-output -save-temps -no-color-diagnostics -serialize-diagnostics -emit-dependencies -emit-module -emit-module-path /Users/mulgogi/src/rnp/swift-rnp/Swift-Rnp/Build/Intermediates/swift-rnp.build/Direct/Rnp.build/Objects-normal/arm64/Rnp.swiftmodule -validate-clang-modules-once -clang-build-session-file /Users/mulgogi/Library/Developer/Xcode/DerivedData/ModuleCache.noindex/Session.modulevalidation -Xfrontend -package-name -Xfrontend swift_rnp -Xcc -I/Users/mulgogi/src/rnp/swift-rnp/Swift-Rnp/Build/Intermediates/swift-rnp.build/Direct/Rnp.build/swift-overrides.hmap -emit-const-values -Xfrontend -const-gather-protocols-file -Xfrontend /Users/mulgogi/src/rnp/swift-rnp/Swift-Rnp/Build/Intermediates/swift-rnp.build/Direct/Rnp.build/Objects-normal/arm64/Rnp_const_extract_protocols.json -Xcc -I/Users/mulgogi/src/rnp/swift-rnp/Swift-Rnp/Build/Products/Direct/include -Xcc -I/Users/mulgogi/src/rnp/swift-rnp/Swift-Rnp/Build/Intermediates/swift-rnp.build/Direct/Rnp.build/DerivedSources-normal/arm64 -Xcc -I/Users/mulgogi/src/rnp/swift-rnp/Swift-Rnp/Build/Intermediates/swift-rnp.build/Direct/Rnp.build/DerivedSources/arm64 -Xcc -I/Users/mulgogi/src/rnp/swift-rnp/Swift-Rnp/Build/Intermediates/swift-rnp.build/Direct/Rnp.build/DerivedSources -Xcc -DSWIFT_PACKAGE -emit-objc-header -emit-objc-header-path /Users/mulgogi/src/rnp/swift-rnp/Swift-Rnp/Build/Intermediates/swift-rnp.build/Direct/Rnp.build/Objects-normal/arm64/Rnp-Swift.h -working-directory /Users/mulgogi/src/rnp/swift-rnp -no-emit-module-separately-wmo

SwiftDriver Rnp normal x86_64 com.apple.xcode.tools.swift.compiler (in target 'Rnp' from project 'swift-rnp')
    cd /Users/mulgogi/src/rnp/swift-rnp
    builtin-SwiftDriver -- /Applications/Xcode.app/Contents/Developer/Toolchains/XcodeDefault.xctoolchain/usr/bin/swiftc -module-name Rnp -O -whole-module-optimization -enforce-exclusivity\=checked @/Users/mulgogi/src/rnp/swift-rnp/Swift-Rnp/Build/Intermediates/swift-rnp.build/Direct/Rnp.build/Objects-normal/x86_64/Rnp.SwiftFileList -DSWIFT_PACKAGE -Xcc -fmodule-map-file\=/Users/mulgogi/src/rnp/swift-rnp/Sources/CRnp/module.modulemap -DXcode -I/Users/mulgogi/src/rnp/swift-rnp/Vendor/RNPFramework.xcframework/macos-arm64_x86_64/RNPFramework.framework/Headers -sdk /Applications/Xcode.app/Contents/Developer/Platforms/MacOSX.platform/Developer/SDKs/MacOSX14.0.sdk -target x86_64-apple-macos12.0 -g -module-cache-path /Users/mulgogi/Library/Developer/Xcode/DerivedData/ModuleCache.noindex -Xfrontend -serialize-debugging-options -swift-version 5 -I /Users/mulgogi/src/rnp/swift-rnp/Swift-Rnp/Build/Products/Direct -I /Applications/Xcode.app/Contents/Developer/Platforms/MacOSX.platform/Developer/usr/lib -F /Users/mulgogi/src/rnp/swift-rnp/Swift-Rnp/Build/Products/Direct -F /Applications/Xcode.app/Contents/Developer/Platforms/MacOSX.platform/Developer/Library/Frameworks -c -num-threads 10 -output-file-map /Users/mulgogi/src/rnp/swift-rnp/Swift-Rnp/Build/Intermediates/swift-rnp.build/Direct/Rnp.build/Objects-normal/x86_64/Rnp-OutputFileMap.json -use-frontend-parseable-output -save-temps -no-color-diagnostics -serialize-diagnostics -emit-dependencies -emit-module -emit-module-path /Users/mulgogi/src/rnp/swift-rnp/Swift-Rnp/Build/Intermediates/swift-rnp.build/Direct/Rnp.build/Objects-normal/x86_64/Rnp.swiftmodule -validate-clang-modules-once -clang-build-session-file /Users/mulgogi/Library/Developer/Xcode/DerivedData/ModuleCache.noindex/Session.modulevalidation -Xfrontend -package-name -Xfrontend swift_rnp -Xcc -I/Users/mulgogi/src/rnp/swift-rnp/Swift-Rnp/Build/Intermediates/swift-rnp.build/Direct/Rnp.build/swift-overrides.hmap -emit-const-values -Xfrontend -const-gather-protocols-file -Xfrontend /Users/mulgogi/src/rnp/swift-rnp/Swift-Rnp/Build/Intermediates/swift-rnp.build/Direct/Rnp.build/Objects-normal/x86_64/Rnp_const_extract_protocols.json -Xcc -I/Users/mulgogi/src/rnp/swift-rnp/Swift-Rnp/Build/Products/Direct/include -Xcc -I/Users/mulgogi/src/rnp/swift-rnp/Swift-Rnp/Build/Intermediates/swift-rnp.build/Direct/Rnp.build/DerivedSources-normal/x86_64 -Xcc -I/Users/mulgogi/src/rnp/swift-rnp/Swift-Rnp/Build/Intermediates/swift-rnp.build/Direct/Rnp.build/DerivedSources/x86_64 -Xcc -I/Users/mulgogi/src/rnp/swift-rnp/Swift-Rnp/Build/Intermediates/swift-rnp.build/Direct/Rnp.build/DerivedSources -Xcc -DSWIFT_PACKAGE -emit-objc-header -emit-objc-header-path /Users/mulgogi/src/rnp/swift-rnp/Swift-Rnp/Build/Intermediates/swift-rnp.build/Direct/Rnp.build/Objects-normal/x86_64/Rnp-Swift.h -working-directory /Users/mulgogi/src/rnp/swift-rnp -no-emit-module-separately-wmo

MkDir /Users/mulgogi/src/rnp/swift-rnp/Swift-Rnp/Build/Products/Direct/MailPlugin.appex/Contents/Resources (in target 'MailPlugin' from project 'Swift-Rnp')
    cd /Users/mulgogi/src/rnp/swift-rnp/Swift-Rnp
    /bin/mkdir -p /Users/mulgogi/src/rnp/swift-rnp/Swift-Rnp/Build/Products/Direct/MailPlugin.appex/Contents/Resources

MkDir /Users/mulgogi/src/rnp/swift-rnp/Swift-Rnp/Build/Products/Direct/Ribose\ container.app/Contents (in target 'Ribose container' from project 'Swift-Rnp')
    cd /Users/mulgogi/src/rnp/swift-rnp/Swift-Rnp
    /bin/mkdir -p /Users/mulgogi/src/rnp/swift-rnp/Swift-Rnp/Build/Products/Direct/Ribose\ container.app/Contents

MkDir /Users/mulgogi/src/rnp/swift-rnp/Swift-Rnp/Build/Products/Direct/Ribose\ container.app/Contents/Frameworks (in target 'Ribose container' from project 'Swift-Rnp')
    cd /Users/mulgogi/src/rnp/swift-rnp/Swift-Rnp
    /bin/mkdir -p /Users/mulgogi/src/rnp/swift-rnp/Swift-Rnp/Build/Products/Direct/Ribose\ container.app/Contents/Frameworks

MkDir /Users/mulgogi/src/rnp/swift-rnp/Swift-Rnp/Build/Products/Direct/Ribose\ container.app (in target 'Ribose container' from project 'Swift-Rnp')
    cd /Users/mulgogi/src/rnp/swift-rnp/Swift-Rnp
    /bin/mkdir -p /Users/mulgogi/src/rnp/swift-rnp/Swift-Rnp/Build/Products/Direct/Ribose\ container.app

MkDir /Users/mulgogi/src/rnp/swift-rnp/Swift-Rnp/Build/Products/Direct/Ribose\ container.app/Contents/PlugIns (in target 'Ribose container' from project 'Swift-Rnp')
    cd /Users/mulgogi/src/rnp/swift-rnp/Swift-Rnp
    /bin/mkdir -p /Users/mulgogi/src/rnp/swift-rnp/Swift-Rnp/Build/Products/Direct/Ribose\ container.app/Contents/PlugIns

MkDir /Users/mulgogi/src/rnp/swift-rnp/Swift-Rnp/Build/Products/Direct/Ribose\ container.app/Contents/Resources (in target 'Ribose container' from project 'Swift-Rnp')
    cd /Users/mulgogi/src/rnp/swift-rnp/Swift-Rnp
    /bin/mkdir -p /Users/mulgogi/src/rnp/swift-rnp/Swift-Rnp/Build/Products/Direct/Ribose\ container.app/Contents/Resources

MkDir /Users/mulgogi/src/rnp/swift-rnp/Swift-Rnp/Build/Products/Direct/Ribose\ container.app/Contents/MacOS (in target 'Ribose container' from project 'Swift-Rnp')
    cd /Users/mulgogi/src/rnp/swift-rnp/Swift-Rnp
    /bin/mkdir -p /Users/mulgogi/src/rnp/swift-rnp/Swift-Rnp/Build/Products/Direct/Ribose\ container.app/Contents/MacOS

MkDir /Users/mulgogi/src/rnp/swift-rnp/Swift-Rnp/Build/Products/Direct/MailPlugin.appex/Contents/MacOS (in target 'MailPlugin' from project 'Swift-Rnp')
    cd /Users/mulgogi/src/rnp/swift-rnp/Swift-Rnp
    /bin/mkdir -p /Users/mulgogi/src/rnp/swift-rnp/Swift-Rnp/Build/Products/Direct/MailPlugin.appex/Contents/MacOS

MkDir /Users/mulgogi/src/rnp/swift-rnp/Swift-Rnp/Build/Products/Direct/MailPlugin.appex/Contents/Frameworks (in target 'MailPlugin' from project 'Swift-Rnp')
    cd /Users/mulgogi/src/rnp/swift-rnp/Swift-Rnp
    /bin/mkdir -p /Users/mulgogi/src/rnp/swift-rnp/Swift-Rnp/Build/Products/Direct/MailPlugin.appex/Contents/Frameworks

MkDir /Users/mulgogi/src/rnp/swift-rnp/Swift-Rnp/Build/Products/Direct/MailPlugin.appex/Contents (in target 'MailPlugin' from project 'Swift-Rnp')
    cd /Users/mulgogi/src/rnp/swift-rnp/Swift-Rnp
    /bin/mkdir -p /Users/mulgogi/src/rnp/swift-rnp/Swift-Rnp/Build/Products/Direct/MailPlugin.appex/Contents

MkDir /Users/mulgogi/src/rnp/swift-rnp/Swift-Rnp/Build/Products/Direct/MailPlugin.appex (in target 'MailPlugin' from project 'Swift-Rnp')
    cd /Users/mulgogi/src/rnp/swift-rnp/Swift-Rnp
    /bin/mkdir -p /Users/mulgogi/src/rnp/swift-rnp/Swift-Rnp/Build/Products/Direct/MailPlugin.appex

SwiftDriver\ Compilation Rnp normal x86_64 com.apple.xcode.tools.swift.compiler (in target 'Rnp' from project 'swift-rnp')
    cd /Users/mulgogi/src/rnp/swift-rnp
    builtin-Swift-Compilation -- /Applications/Xcode.app/Contents/Developer/Toolchains/XcodeDefault.xctoolchain/usr/bin/swiftc -module-name Rnp -O -whole-module-optimization -enforce-exclusivity\=checked @/Users/mulgogi/src/rnp/swift-rnp/Swift-Rnp/Build/Intermediates/swift-rnp.build/Direct/Rnp.build/Objects-normal/x86_64/Rnp.SwiftFileList -DSWIFT_PACKAGE -Xcc -fmodule-map-file\=/Users/mulgogi/src/rnp/swift-rnp/Sources/CRnp/module.modulemap -DXcode -I/Users/mulgogi/src/rnp/swift-rnp/Vendor/RNPFramework.xcframework/macos-arm64_x86_64/RNPFramework.framework/Headers -sdk /Applications/Xcode.app/Contents/Developer/Platforms/MacOSX.platform/Developer/SDKs/MacOSX14.0.sdk -target x86_64-apple-macos12.0 -g -module-cache-path /Users/mulgogi/Library/Developer/Xcode/DerivedData/ModuleCache.noindex -Xfrontend -serialize-debugging-options -swift-version 5 -I /Users/mulgogi/src/rnp/swift-rnp/Swift-Rnp/Build/Products/Direct -I /Applications/Xcode.app/Contents/Developer/Platforms/MacOSX.platform/Developer/usr/lib -F /Users/mulgogi/src/rnp/swift-rnp/Swift-Rnp/Build/Products/Direct -F /Applications/Xcode.app/Contents/Developer/Platforms/MacOSX.platform/Developer/Library/Frameworks -c -num-threads 10 -output-file-map /Users/mulgogi/src/rnp/swift-rnp/Swift-Rnp/Build/Intermediates/swift-rnp.build/Direct/Rnp.build/Objects-normal/x86_64/Rnp-OutputFileMap.json -use-frontend-parseable-output -save-temps -no-color-diagnostics -serialize-diagnostics -emit-dependencies -emit-module -emit-module-path /Users/mulgogi/src/rnp/swift-rnp/Swift-Rnp/Build/Intermediates/swift-rnp.build/Direct/Rnp.build/Objects-normal/x86_64/Rnp.swiftmodule -validate-clang-modules-once -clang-build-session-file /Users/mulgogi/Library/Developer/Xcode/DerivedData/ModuleCache.noindex/Session.modulevalidation -Xfrontend -package-name -Xfrontend swift_rnp -Xcc -I/Users/mulgogi/src/rnp/swift-rnp/Swift-Rnp/Build/Intermediates/swift-rnp.build/Direct/Rnp.build/swift-overrides.hmap -emit-const-values -Xfrontend -const-gather-protocols-file -Xfrontend /Users/mulgogi/src/rnp/swift-rnp/Swift-Rnp/Build/Intermediates/swift-rnp.build/Direct/Rnp.build/Objects-normal/x86_64/Rnp_const_extract_protocols.json -Xcc -I/Users/mulgogi/src/rnp/swift-rnp/Swift-Rnp/Build/Products/Direct/include -Xcc -I/Users/mulgogi/src/rnp/swift-rnp/Swift-Rnp/Build/Intermediates/swift-rnp.build/Direct/Rnp.build/DerivedSources-normal/x86_64 -Xcc -I/Users/mulgogi/src/rnp/swift-rnp/Swift-Rnp/Build/Intermediates/swift-rnp.build/Direct/Rnp.build/DerivedSources/x86_64 -Xcc -I/Users/mulgogi/src/rnp/swift-rnp/Swift-Rnp/Build/Intermediates/swift-rnp.build/Direct/Rnp.build/DerivedSources -Xcc -DSWIFT_PACKAGE -emit-objc-header -emit-objc-header-path /Users/mulgogi/src/rnp/swift-rnp/Swift-Rnp/Build/Intermediates/swift-rnp.build/Direct/Rnp.build/Objects-normal/x86_64/Rnp-Swift.h -working-directory /Users/mulgogi/src/rnp/swift-rnp -no-emit-module-separately-wmo

SwiftDriver\ Compilation Rnp normal arm64 com.apple.xcode.tools.swift.compiler (in target 'Rnp' from project 'swift-rnp')
    cd /Users/mulgogi/src/rnp/swift-rnp
    builtin-Swift-Compilation -- /Applications/Xcode.app/Contents/Developer/Toolchains/XcodeDefault.xctoolchain/usr/bin/swiftc -module-name Rnp -O -whole-module-optimization -enforce-exclusivity\=checked @/Users/mulgogi/src/rnp/swift-rnp/Swift-Rnp/Build/Intermediates/swift-rnp.build/Direct/Rnp.build/Objects-normal/arm64/Rnp.SwiftFileList -DSWIFT_PACKAGE -Xcc -fmodule-map-file\=/Users/mulgogi/src/rnp/swift-rnp/Sources/CRnp/module.modulemap -DXcode -I/Users/mulgogi/src/rnp/swift-rnp/Vendor/RNPFramework.xcframework/macos-arm64_x86_64/RNPFramework.framework/Headers -sdk /Applications/Xcode.app/Contents/Developer/Platforms/MacOSX.platform/Developer/SDKs/MacOSX14.0.sdk -target arm64-apple-macos12.0 -g -module-cache-path /Users/mulgogi/Library/Developer/Xcode/DerivedData/ModuleCache.noindex -Xfrontend -serialize-debugging-options -swift-version 5 -I /Users/mulgogi/src/rnp/swift-rnp/Swift-Rnp/Build/Products/Direct -I /Applications/Xcode.app/Contents/Developer/Platforms/MacOSX.platform/Developer/usr/lib -F /Users/mulgogi/src/rnp/swift-rnp/Swift-Rnp/Build/Products/Direct -F /Applications/Xcode.app/Contents/Developer/Platforms/MacOSX.platform/Developer/Library/Frameworks -c -num-threads 10 -output-file-map /Users/mulgogi/src/rnp/swift-rnp/Swift-Rnp/Build/Intermediates/swift-rnp.build/Direct/Rnp.build/Objects-normal/arm64/Rnp-OutputFileMap.json -use-frontend-parseable-output -save-temps -no-color-diagnostics -serialize-diagnostics -emit-dependencies -emit-module -emit-module-path /Users/mulgogi/src/rnp/swift-rnp/Swift-Rnp/Build/Intermediates/swift-rnp.build/Direct/Rnp.build/Objects-normal/arm64/Rnp.swiftmodule -validate-clang-modules-once -clang-build-session-file /Users/mulgogi/Library/Developer/Xcode/DerivedData/ModuleCache.noindex/Session.modulevalidation -Xfrontend -package-name -Xfrontend swift_rnp -Xcc -I/Users/mulgogi/src/rnp/swift-rnp/Swift-Rnp/Build/Intermediates/swift-rnp.build/Direct/Rnp.build/swift-overrides.hmap -emit-const-values -Xfrontend -const-gather-protocols-file -Xfrontend /Users/mulgogi/src/rnp/swift-rnp/Swift-Rnp/Build/Intermediates/swift-rnp.build/Direct/Rnp.build/Objects-normal/arm64/Rnp_const_extract_protocols.json -Xcc -I/Users/mulgogi/src/rnp/swift-rnp/Swift-Rnp/Build/Products/Direct/include -Xcc -I/Users/mulgogi/src/rnp/swift-rnp/Swift-Rnp/Build/Intermediates/swift-rnp.build/Direct/Rnp.build/DerivedSources-normal/arm64 -Xcc -I/Users/mulgogi/src/rnp/swift-rnp/Swift-Rnp/Build/Intermediates/swift-rnp.build/Direct/Rnp.build/DerivedSources/arm64 -Xcc -I/Users/mulgogi/src/rnp/swift-rnp/Swift-Rnp/Build/Intermediates/swift-rnp.build/Direct/Rnp.build/DerivedSources -Xcc -DSWIFT_PACKAGE -emit-objc-header -emit-objc-header-path /Users/mulgogi/src/rnp/swift-rnp/Swift-Rnp/Build/Intermediates/swift-rnp.build/Direct/Rnp.build/Objects-normal/arm64/Rnp-Swift.h -working-directory /Users/mulgogi/src/rnp/swift-rnp -no-emit-module-separately-wmo

SwiftCompile normal x86_64 Compiling\ FFIHelpers.swift,\ Rnp.swift,\ RnpError.swift,\ RnpKey.swift,\ Verification.swift /Users/mulgogi/src/rnp/swift-rnp/Sources/Rnp/FFIHelpers.swift /Users/mulgogi/src/rnp/swift-rnp/Sources/Rnp/Rnp.swift /Users/mulgogi/src/rnp/swift-rnp/Sources/Rnp/RnpError.swift /Users/mulgogi/src/rnp/swift-rnp/Sources/Rnp/RnpKey.swift /Users/mulgogi/src/rnp/swift-rnp/Sources/Rnp/Verification.swift (in target 'Rnp' from project 'swift-rnp')
    cd /Users/mulgogi/src/rnp/swift-rnp
    builtin-swiftTaskExecution -- /Applications/Xcode.app/Contents/Developer/Toolchains/XcodeDefault.xctoolchain/usr/bin/swift-frontend -frontend -c /Users/mulgogi/src/rnp/swift-rnp/Sources/Rnp/FFIHelpers.swift /Users/mulgogi/src/rnp/swift-rnp/Sources/Rnp/Rnp.swift /Users/mulgogi/src/rnp/swift-rnp/Sources/Rnp/RnpError.swift /Users/mulgogi/src/rnp/swift-rnp/Sources/Rnp/RnpKey.swift /Users/mulgogi/src/rnp/swift-rnp/Sources/Rnp/Verification.swift -supplementary-output-file-map /Users/mulgogi/src/rnp/swift-rnp/Swift-Rnp/Build/Intermediates/swift-rnp.build/Direct/Rnp.build/Objects-normal/x86_64/supplementaryOutputs-1 -target x86_64-apple-macos12.0 -enable-objc-interop -stack-check -sdk /Applications/Xcode.app/Contents/Developer/Platforms/MacOSX.platform/Developer/SDKs/MacOSX14.0.sdk -I /Users/mulgogi/src/rnp/swift-rnp/Vendor/RNPFramework.xcframework/macos-arm64_x86_64/RNPFramework.framework/Headers -I /Users/mulgogi/src/rnp/swift-rnp/Swift-Rnp/Build/Products/Direct -I /Applications/Xcode.app/Contents/Developer/Platforms/MacOSX.platform/Developer/usr/lib -F /Users/mulgogi/src/rnp/swift-rnp/Swift-Rnp/Build/Products/Direct -F /Applications/Xcode.app/Contents/Developer/Platforms/MacOSX.platform/Developer/Library/Frameworks -no-color-diagnostics -g -module-cache-path /Users/mulgogi/Library/Developer/Xcode/DerivedData/ModuleCache.noindex -swift-version 5 -enforce-exclusivity\=checked -O -D SWIFT_PACKAGE -D Xcode -serialize-debugging-options -package-name swift_rnp -const-gather-protocols-file /Users/mulgogi/src/rnp/swift-rnp/Swift-Rnp/Build/Intermediates/swift-rnp.build/Direct/Rnp.build/Objects-normal/x86_64/Rnp_const_extract_protocols.json -empty-abi-descriptor -validate-clang-modules-once -clang-build-session-file /Users/mulgogi/Library/Developer/Xcode/DerivedData/ModuleCache.noindex/Session.modulevalidation -Xcc -working-directory -Xcc /Users/mulgogi/src/rnp/swift-rnp -resource-dir /Applications/Xcode.app/Contents/Developer/Toolchains/XcodeDefault.xctoolchain/usr/lib/swift -Xcc -fmodule-map-file\=/Users/mulgogi/src/rnp/swift-rnp/Sources/CRnp/module.modulemap -Xcc -I/Users/mulgogi/src/rnp/swift-rnp/Swift-Rnp/Build/Intermediates/swift-rnp.build/Direct/Rnp.build/swift-overrides.hmap -Xcc -I/Users/mulgogi/src/rnp/swift-rnp/Swift-Rnp/Build/Products/Direct/include -Xcc -I/Users/mulgogi/src/rnp/swift-rnp/Swift-Rnp/Build/Intermediates/swift-rnp.build/Direct/Rnp.build/DerivedSources-normal/x86_64 -Xcc -I/Users/mulgogi/src/rnp/swift-rnp/Swift-Rnp/Build/Intermediates/swift-rnp.build/Direct/Rnp.build/DerivedSources/x86_64 -Xcc -I/Users/mulgogi/src/rnp/swift-rnp/Swift-Rnp/Build/Intermediates/swift-rnp.build/Direct/Rnp.build/DerivedSources -Xcc -DSWIFT_PACKAGE -module-name Rnp -frontend-parseable-output -disable-clang-spi -target-sdk-version 14.0 -target-sdk-name macosx14.0 -external-plugin-path /Applications/Xcode.app/Contents/Developer/Platforms/MacOSX.platform/Developer/SDKs/MacOSX14.0.sdk/usr/lib/swift/host/plugins\#/Applications/Xcode.app/Contents/Developer/Platforms/MacOSX.platform/Developer/SDKs/MacOSX14.0.sdk/usr/bin/swift-plugin-server -external-plugin-path /Applications/Xcode.app/Contents/Developer/Platforms/MacOSX.platform/Developer/SDKs/MacOSX14.0.sdk/usr/local/lib/swift/host/plugins\#/Applications/Xcode.app/Contents/Developer/Platforms/MacOSX.platform/Developer/SDKs/MacOSX14.0.sdk/usr/bin/swift-plugin-server -external-plugin-path /Applications/Xcode.app/Contents/Developer/Platforms/MacOSX.platform/Developer/usr/lib/swift/host/plugins\#/Applications/Xcode.app/Contents/Developer/Platforms/MacOSX.platform/Developer/usr/bin/swift-plugin-server -external-plugin-path /Applications/Xcode.app/Contents/Developer/Platforms/MacOSX.platform/Developer/usr/local/lib/swift/host/plugins\#/Applications/Xcode.app/Contents/Developer/Platforms/MacOSX.platform/Developer/usr/bin/swift-plugin-server -plugin-path /Applications/Xcode.app/Contents/Developer/Toolchains/XcodeDefault.xctoolchain/usr/lib/swift/host/plugins -plugin-path /Applications/Xcode.app/Contents/Developer/Toolchains/XcodeDefault.xctoolchain/usr/local/lib/swift/host/plugins -enable-default-cmo -num-threads 10 -o /Users/mulgogi/src/rnp/swift-rnp/Swift-Rnp/Build/Intermediates/swift-rnp.build/Direct/Rnp.build/Objects-normal/x86_64/FFIHelpers.o -o /Users/mulgogi/src/rnp/swift-rnp/Swift-Rnp/Build/Intermediates/swift-rnp.build/Direct/Rnp.build/Objects-normal/x86_64/Rnp.o -o /Users/mulgogi/src/rnp/swift-rnp/Swift-Rnp/Build/Intermediates/swift-rnp.build/Direct/Rnp.build/Objects-normal/x86_64/RnpError.o -o /Users/mulgogi/src/rnp/swift-rnp/Swift-Rnp/Build/Intermediates/swift-rnp.build/Direct/Rnp.build/Objects-normal/x86_64/RnpKey.o -o /Users/mulgogi/src/rnp/swift-rnp/Swift-Rnp/Build/Intermediates/swift-rnp.build/Direct/Rnp.build/Objects-normal/x86_64/Verification.o -index-unit-output-path /swift-rnp.build/Direct/Rnp.build/Objects-normal/x86_64/FFIHelpers.o -index-unit-output-path /swift-rnp.build/Direct/Rnp.build/Objects-normal/x86_64/Rnp.o -index-unit-output-path /swift-rnp.build/Direct/Rnp.build/Objects-normal/x86_64/RnpError.o -index-unit-output-path /swift-rnp.build/Direct/Rnp.build/Objects-normal/x86_64/RnpKey.o -index-unit-output-path /swift-rnp.build/Direct/Rnp.build/Objects-normal/x86_64/Verification.o

CompileSwift normal x86_64 (in target 'Rnp' from project 'swift-rnp')
    cd /Users/mulgogi/src/rnp/swift-rnp
    /Applications/Xcode.app/Contents/Developer/Toolchains/XcodeDefault.xctoolchain/usr/bin/swift-frontend -c /Users/mulgogi/src/rnp/swift-rnp/Sources/Rnp/FFIHelpers.swift /Users/mulgogi/src/rnp/swift-rnp/Sources/Rnp/Rnp.swift /Users/mulgogi/src/rnp/swift-rnp/Sources/Rnp/RnpError.swift /Users/mulgogi/src/rnp/swift-rnp/Sources/Rnp/RnpKey.swift /Users/mulgogi/src/rnp/swift-rnp/Sources/Rnp/Verification.swift -supplementary-output-file-map /Users/mulgogi/src/rnp/swift-rnp/Swift-Rnp/Build/Intermediates/swift-rnp.build/Direct/Rnp.build/Objects-normal/x86_64/supplementaryOutputs-1 -target x86_64-apple-macos12.0 -enable-objc-interop -stack-check -sdk /Applications/Xcode.app/Contents/Developer/Platforms/MacOSX.platform/Developer/SDKs/MacOSX14.0.sdk -I /Users/mulgogi/src/rnp/swift-rnp/Vendor/RNPFramework.xcframework/macos-arm64_x86_64/RNPFramework.framework/Headers -I /Users/mulgogi/src/rnp/swift-rnp/Swift-Rnp/Build/Products/Direct -I /Applications/Xcode.app/Contents/Developer/Platforms/MacOSX.platform/Developer/usr/lib -F /Users/mulgogi/src/rnp/swift-rnp/Swift-Rnp/Build/Products/Direct -F /Applications/Xcode.app/Contents/Developer/Platforms/MacOSX.platform/Developer/Library/Frameworks -no-color-diagnostics -g -module-cache-path /Users/mulgogi/Library/Developer/Xcode/DerivedData/ModuleCache.noindex -swift-version 5 -enforce-exclusivity\=checked -O -D SWIFT_PACKAGE -D Xcode -serialize-debugging-options -package-name swift_rnp -const-gather-protocols-file /Users/mulgogi/src/rnp/swift-rnp/Swift-Rnp/Build/Intermediates/swift-rnp.build/Direct/Rnp.build/Objects-normal/x86_64/Rnp_const_extract_protocols.json -empty-abi-descriptor -validate-clang-modules-once -clang-build-session-file /Users/mulgogi/Library/Developer/Xcode/DerivedData/ModuleCache.noindex/Session.modulevalidation -Xcc -working-directory -Xcc /Users/mulgogi/src/rnp/swift-rnp -resource-dir /Applications/Xcode.app/Contents/Developer/Toolchains/XcodeDefault.xctoolchain/usr/lib/swift -Xcc -fmodule-map-file\=/Users/mulgogi/src/rnp/swift-rnp/Sources/CRnp/module.modulemap -Xcc -I/Users/mulgogi/src/rnp/swift-rnp/Swift-Rnp/Build/Intermediates/swift-rnp.build/Direct/Rnp.build/swift-overrides.hmap -Xcc -I/Users/mulgogi/src/rnp/swift-rnp/Swift-Rnp/Build/Products/Direct/include -Xcc -I/Users/mulgogi/src/rnp/swift-rnp/Swift-Rnp/Build/Intermediates/swift-rnp.build/Direct/Rnp.build/DerivedSources-normal/x86_64 -Xcc -I/Users/mulgogi/src/rnp/swift-rnp/Swift-Rnp/Build/Intermediates/swift-rnp.build/Direct/Rnp.build/DerivedSources/x86_64 -Xcc -I/Users/mulgogi/src/rnp/swift-rnp/Swift-Rnp/Build/Intermediates/swift-rnp.build/Direct/Rnp.build/DerivedSources -Xcc -DSWIFT_PACKAGE -module-name Rnp -frontend-parseable-output -disable-clang-spi -target-sdk-version 14.0 -target-sdk-name macosx14.0 -external-plugin-path /Applications/Xcode.app/Contents/Developer/Platforms/MacOSX.platform/Developer/SDKs/MacOSX14.0.sdk/usr/lib/swift/host/plugins\#/Applications/Xcode.app/Contents/Developer/Platforms/MacOSX.platform/Developer/SDKs/MacOSX14.0.sdk/usr/bin/swift-plugin-server -external-plugin-path /Applications/Xcode.app/Contents/Developer/Platforms/MacOSX.platform/Developer/SDKs/MacOSX14.0.sdk/usr/local/lib/swift/host/plugins\#/Applications/Xcode.app/Contents/Developer/Platforms/MacOSX.platform/Developer/SDKs/MacOSX14.0.sdk/usr/bin/swift-plugin-server -external-plugin-path /Applications/Xcode.app/Contents/Developer/Platforms/MacOSX.platform/Developer/usr/lib/swift/host/plugins\#/Applications/Xcode.app/Contents/Developer/Platforms/MacOSX.platform/Developer/usr/bin/swift-plugin-server -external-plugin-path /Applications/Xcode.app/Contents/Developer/Platforms/MacOSX.platform/Developer/usr/local/lib/swift/host/plugins\#/Applications/Xcode.app/Contents/Developer/Platforms/MacOSX.platform/Developer/usr/bin/swift-plugin-server -plugin-path /Applications/Xcode.app/Contents/Developer/Toolchains/XcodeDefault.xctoolchain/usr/lib/swift/host/plugins -plugin-path /Applications/Xcode.app/Contents/Developer/Toolchains/XcodeDefault.xctoolchain/usr/local/lib/swift/host/plugins -enable-default-cmo -num-threads 10 -o /Users/mulgogi/src/rnp/swift-rnp/Swift-Rnp/Build/Intermediates/swift-rnp.build/Direct/Rnp.build/Objects-normal/x86_64/FFIHelpers.o -o /Users/mulgogi/src/rnp/swift-rnp/Swift-Rnp/Build/Intermediates/swift-rnp.build/Direct/Rnp.build/Objects-normal/x86_64/Rnp.o -o /Users/mulgogi/src/rnp/swift-rnp/Swift-Rnp/Build/Intermediates/swift-rnp.build/Direct/Rnp.build/Objects-normal/x86_64/RnpError.o -o /Users/mulgogi/src/rnp/swift-rnp/Swift-Rnp/Build/Intermediates/swift-rnp.build/Direct/Rnp.build/Objects-normal/x86_64/RnpKey.o -o /Users/mulgogi/src/rnp/swift-rnp/Swift-Rnp/Build/Intermediates/swift-rnp.build/Direct/Rnp.build/Objects-normal/x86_64/Verification.o -index-unit-output-path /swift-rnp.build/Direct/Rnp.build/Objects-normal/x86_64/FFIHelpers.o -index-unit-output-path /swift-rnp.build/Direct/Rnp.build/Objects-normal/x86_64/Rnp.o -index-unit-output-path /swift-rnp.build/Direct/Rnp.build/Objects-normal/x86_64/RnpError.o -index-unit-output-path /swift-rnp.build/Direct/Rnp.build/Objects-normal/x86_64/RnpKey.o -index-unit-output-path /swift-rnp.build/Direct/Rnp.build/Objects-normal/x86_64/Verification.o

SwiftCompile normal arm64 Compiling\ FFIHelpers.swift,\ Rnp.swift,\ RnpError.swift,\ RnpKey.swift,\ Verification.swift /Users/mulgogi/src/rnp/swift-rnp/Sources/Rnp/FFIHelpers.swift /Users/mulgogi/src/rnp/swift-rnp/Sources/Rnp/Rnp.swift /Users/mulgogi/src/rnp/swift-rnp/Sources/Rnp/RnpError.swift /Users/mulgogi/src/rnp/swift-rnp/Sources/Rnp/RnpKey.swift /Users/mulgogi/src/rnp/swift-rnp/Sources/Rnp/Verification.swift (in target 'Rnp' from project 'swift-rnp')
    cd /Users/mulgogi/src/rnp/swift-rnp
    builtin-swiftTaskExecution -- /Applications/Xcode.app/Contents/Developer/Toolchains/XcodeDefault.xctoolchain/usr/bin/swift-frontend -frontend -c /Users/mulgogi/src/rnp/swift-rnp/Sources/Rnp/FFIHelpers.swift /Users/mulgogi/src/rnp/swift-rnp/Sources/Rnp/Rnp.swift /Users/mulgogi/src/rnp/swift-rnp/Sources/Rnp/RnpError.swift /Users/mulgogi/src/rnp/swift-rnp/Sources/Rnp/RnpKey.swift /Users/mulgogi/src/rnp/swift-rnp/Sources/Rnp/Verification.swift -supplementary-output-file-map /Users/mulgogi/src/rnp/swift-rnp/Swift-Rnp/Build/Intermediates/swift-rnp.build/Direct/Rnp.build/Objects-normal/arm64/supplementaryOutputs-2 -target arm64-apple-macos12.0 -Xllvm -aarch64-use-tbi -enable-objc-interop -stack-check -sdk /Applications/Xcode.app/Contents/Developer/Platforms/MacOSX.platform/Developer/SDKs/MacOSX14.0.sdk -I /Users/mulgogi/src/rnp/swift-rnp/Vendor/RNPFramework.xcframework/macos-arm64_x86_64/RNPFramework.framework/Headers -I /Users/mulgogi/src/rnp/swift-rnp/Swift-Rnp/Build/Products/Direct -I /Applications/Xcode.app/Contents/Developer/Platforms/MacOSX.platform/Developer/usr/lib -F /Users/mulgogi/src/rnp/swift-rnp/Swift-Rnp/Build/Products/Direct -F /Applications/Xcode.app/Contents/Developer/Platforms/MacOSX.platform/Developer/Library/Frameworks -no-color-diagnostics -g -module-cache-path /Users/mulgogi/Library/Developer/Xcode/DerivedData/ModuleCache.noindex -swift-version 5 -enforce-exclusivity\=checked -O -D SWIFT_PACKAGE -D Xcode -serialize-debugging-options -package-name swift_rnp -const-gather-protocols-file /Users/mulgogi/src/rnp/swift-rnp/Swift-Rnp/Build/Intermediates/swift-rnp.build/Direct/Rnp.build/Objects-normal/arm64/Rnp_const_extract_protocols.json -empty-abi-descriptor -validate-clang-modules-once -clang-build-session-file /Users/mulgogi/Library/Developer/Xcode/DerivedData/ModuleCache.noindex/Session.modulevalidation -Xcc -working-directory -Xcc /Users/mulgogi/src/rnp/swift-rnp -resource-dir /Applications/Xcode.app/Contents/Developer/Toolchains/XcodeDefault.xctoolchain/usr/lib/swift -Xcc -fmodule-map-file\=/Users/mulgogi/src/rnp/swift-rnp/Sources/CRnp/module.modulemap -Xcc -I/Users/mulgogi/src/rnp/swift-rnp/Swift-Rnp/Build/Intermediates/swift-rnp.build/Direct/Rnp.build/swift-overrides.hmap -Xcc -I/Users/mulgogi/src/rnp/swift-rnp/Swift-Rnp/Build/Products/Direct/include -Xcc -I/Users/mulgogi/src/rnp/swift-rnp/Swift-Rnp/Build/Intermediates/swift-rnp.build/Direct/Rnp.build/DerivedSources-normal/arm64 -Xcc -I/Users/mulgogi/src/rnp/swift-rnp/Swift-Rnp/Build/Intermediates/swift-rnp.build/Direct/Rnp.build/DerivedSources/arm64 -Xcc -I/Users/mulgogi/src/rnp/swift-rnp/Swift-Rnp/Build/Intermediates/swift-rnp.build/Direct/Rnp.build/DerivedSources -Xcc -DSWIFT_PACKAGE -module-name Rnp -frontend-parseable-output -disable-clang-spi -target-sdk-version 14.0 -target-sdk-name macosx14.0 -external-plugin-path /Applications/Xcode.app/Contents/Developer/Platforms/MacOSX.platform/Developer/SDKs/MacOSX14.0.sdk/usr/lib/swift/host/plugins\#/Applications/Xcode.app/Contents/Developer/Platforms/MacOSX.platform/Developer/SDKs/MacOSX14.0.sdk/usr/bin/swift-plugin-server -external-plugin-path /Applications/Xcode.app/Contents/Developer/Platforms/MacOSX.platform/Developer/SDKs/MacOSX14.0.sdk/usr/local/lib/swift/host/plugins\#/Applications/Xcode.app/Contents/Developer/Platforms/MacOSX.platform/Developer/SDKs/MacOSX14.0.sdk/usr/bin/swift-plugin-server -external-plugin-path /Applications/Xcode.app/Contents/Developer/Platforms/MacOSX.platform/Developer/usr/lib/swift/host/plugins\#/Applications/Xcode.app/Contents/Developer/Platforms/MacOSX.platform/Developer/usr/bin/swift-plugin-server -external-plugin-path /Applications/Xcode.app/Contents/Developer/Platforms/MacOSX.platform/Developer/usr/local/lib/swift/host/plugins\#/Applications/Xcode.app/Contents/Developer/Platforms/MacOSX.platform/Developer/usr/bin/swift-plugin-server -plugin-path /Applications/Xcode.app/Contents/Developer/Toolchains/XcodeDefault.xctoolchain/usr/lib/swift/host/plugins -plugin-path /Applications/Xcode.app/Contents/Developer/Toolchains/XcodeDefault.xctoolchain/usr/local/lib/swift/host/plugins -enable-default-cmo -num-threads 10 -o /Users/mulgogi/src/rnp/swift-rnp/Swift-Rnp/Build/Intermediates/swift-rnp.build/Direct/Rnp.build/Objects-normal/arm64/FFIHelpers.o -o /Users/mulgogi/src/rnp/swift-rnp/Swift-Rnp/Build/Intermediates/swift-rnp.build/Direct/Rnp.build/Objects-normal/arm64/Rnp.o -o /Users/mulgogi/src/rnp/swift-rnp/Swift-Rnp/Build/Intermediates/swift-rnp.build/Direct/Rnp.build/Objects-normal/arm64/RnpError.o -o /Users/mulgogi/src/rnp/swift-rnp/Swift-Rnp/Build/Intermediates/swift-rnp.build/Direct/Rnp.build/Objects-normal/arm64/RnpKey.o -o /Users/mulgogi/src/rnp/swift-rnp/Swift-Rnp/Build/Intermediates/swift-rnp.build/Direct/Rnp.build/Objects-normal/arm64/Verification.o -index-unit-output-path /swift-rnp.build/Direct/Rnp.build/Objects-normal/arm64/FFIHelpers.o -index-unit-output-path /swift-rnp.build/Direct/Rnp.build/Objects-normal/arm64/Rnp.o -index-unit-output-path /swift-rnp.build/Direct/Rnp.build/Objects-normal/arm64/RnpError.o -index-unit-output-path /swift-rnp.build/Direct/Rnp.build/Objects-normal/arm64/RnpKey.o -index-unit-output-path /swift-rnp.build/Direct/Rnp.build/Objects-normal/arm64/Verification.o
CompileSwift normal arm64 (in target 'Rnp' from project 'swift-rnp')
    cd /Users/mulgogi/src/rnp/swift-rnp
    /Applications/Xcode.app/Contents/Developer/Toolchains/XcodeDefault.xctoolchain/usr/bin/swift-frontend -c /Users/mulgogi/src/rnp/swift-rnp/Sources/Rnp/FFIHelpers.swift /Users/mulgogi/src/rnp/swift-rnp/Sources/Rnp/Rnp.swift /Users/mulgogi/src/rnp/swift-rnp/Sources/Rnp/RnpError.swift /Users/mulgogi/src/rnp/swift-rnp/Sources/Rnp/RnpKey.swift /Users/mulgogi/src/rnp/swift-rnp/Sources/Rnp/Verification.swift -supplementary-output-file-map /Users/mulgogi/src/rnp/swift-rnp/Swift-Rnp/Build/Intermediates/swift-rnp.build/Direct/Rnp.build/Objects-normal/arm64/supplementaryOutputs-2 -target arm64-apple-macos12.0 -Xllvm -aarch64-use-tbi -enable-objc-interop -stack-check -sdk /Applications/Xcode.app/Contents/Developer/Platforms/MacOSX.platform/Developer/SDKs/MacOSX14.0.sdk -I /Users/mulgogi/src/rnp/swift-rnp/Vendor/RNPFramework.xcframework/macos-arm64_x86_64/RNPFramework.framework/Headers -I /Users/mulgogi/src/rnp/swift-rnp/Swift-Rnp/Build/Products/Direct -I /Applications/Xcode.app/Contents/Developer/Platforms/MacOSX.platform/Developer/usr/lib -F /Users/mulgogi/src/rnp/swift-rnp/Swift-Rnp/Build/Products/Direct -F /Applications/Xcode.app/Contents/Developer/Platforms/MacOSX.platform/Developer/Library/Frameworks -no-color-diagnostics -g -module-cache-path /Users/mulgogi/Library/Developer/Xcode/DerivedData/ModuleCache.noindex -swift-version 5 -enforce-exclusivity\=checked -O -D SWIFT_PACKAGE -D Xcode -serialize-debugging-options -package-name swift_rnp -const-gather-protocols-file /Users/mulgogi/src/rnp/swift-rnp/Swift-Rnp/Build/Intermediates/swift-rnp.build/Direct/Rnp.build/Objects-normal/arm64/Rnp_const_extract_protocols.json -empty-abi-descriptor -validate-clang-modules-once -clang-build-session-file /Users/mulgogi/Library/Developer/Xcode/DerivedData/ModuleCache.noindex/Session.modulevalidation -Xcc -working-directory -Xcc /Users/mulgogi/src/rnp/swift-rnp -resource-dir /Applications/Xcode.app/Contents/Developer/Toolchains/XcodeDefault.xctoolchain/usr/lib/swift -Xcc -fmodule-map-file\=/Users/mulgogi/src/rnp/swift-rnp/Sources/CRnp/module.modulemap -Xcc -I/Users/mulgogi/src/rnp/swift-rnp/Swift-Rnp/Build/Intermediates/swift-rnp.build/Direct/Rnp.build/swift-overrides.hmap -Xcc -I/Users/mulgogi/src/rnp/swift-rnp/Swift-Rnp/Build/Products/Direct/include -Xcc -I/Users/mulgogi/src/rnp/swift-rnp/Swift-Rnp/Build/Intermediates/swift-rnp.build/Direct/Rnp.build/DerivedSources-normal/arm64 -Xcc -I/Users/mulgogi/src/rnp/swift-rnp/Swift-Rnp/Build/Intermediates/swift-rnp.build/Direct/Rnp.build/DerivedSources/arm64 -Xcc -I/Users/mulgogi/src/rnp/swift-rnp/Swift-Rnp/Build/Intermediates/swift-rnp.build/Direct/Rnp.build/DerivedSources -Xcc -DSWIFT_PACKAGE -module-name Rnp -frontend-parseable-output -disable-clang-spi -target-sdk-version 14.0 -target-sdk-name macosx14.0 -external-plugin-path /Applications/Xcode.app/Contents/Developer/Platforms/MacOSX.platform/Developer/SDKs/MacOSX14.0.sdk/usr/lib/swift/host/plugins\#/Applications/Xcode.app/Contents/Developer/Platforms/MacOSX.platform/Developer/SDKs/MacOSX14.0.sdk/usr/bin/swift-plugin-server -external-plugin-path /Applications/Xcode.app/Contents/Developer/Platforms/MacOSX.platform/Developer/SDKs/MacOSX14.0.sdk/usr/local/lib/swift/host/plugins\#/Applications/Xcode.app/Contents/Developer/Platforms/MacOSX.platform/Developer/SDKs/MacOSX14.0.sdk/usr/bin/swift-plugin-server -external-plugin-path /Applications/Xcode.app/Contents/Developer/Platforms/MacOSX.platform/Developer/usr/lib/swift/host/plugins\#/Applications/Xcode.app/Contents/Developer/Platforms/MacOSX.platform/Developer/usr/bin/swift-plugin-server -external-plugin-path /Applications/Xcode.app/Contents/Developer/Platforms/MacOSX.platform/Developer/usr/local/lib/swift/host/plugins\#/Applications/Xcode.app/Contents/Developer/Platforms/MacOSX.platform/Developer/usr/bin/swift-plugin-server -plugin-path /Applications/Xcode.app/Contents/Developer/Toolchains/XcodeDefault.xctoolchain/usr/lib/swift/host/plugins -plugin-path /Applications/Xcode.app/Contents/Developer/Toolchains/XcodeDefault.xctoolchain/usr/local/lib/swift/host/plugins -enable-default-cmo -num-threads 10 -o /Users/mulgogi/src/rnp/swift-rnp/Swift-Rnp/Build/Intermediates/swift-rnp.build/Direct/Rnp.build/Objects-normal/arm64/FFIHelpers.o -o /Users/mulgogi/src/rnp/swift-rnp/Swift-Rnp/Build/Intermediates/swift-rnp.build/Direct/Rnp.build/Objects-normal/arm64/Rnp.o -o /Users/mulgogi/src/rnp/swift-rnp/Swift-Rnp/Build/Intermediates/swift-rnp.build/Direct/Rnp.build/Objects-normal/arm64/RnpError.o -o /Users/mulgogi/src/rnp/swift-rnp/Swift-Rnp/Build/Intermediates/swift-rnp.build/Direct/Rnp.build/Objects-normal/arm64/RnpKey.o -o /Users/mulgogi/src/rnp/swift-rnp/Swift-Rnp/Build/Intermediates/swift-rnp.build/Direct/Rnp.build/Objects-normal/arm64/Verification.o -index-unit-output-path /swift-rnp.build/Direct/Rnp.build/Objects-normal/arm64/FFIHelpers.o -index-unit-output-path /swift-rnp.build/Direct/Rnp.build/Objects-normal/arm64/Rnp.o -index-unit-output-path /swift-rnp.build/Direct/Rnp.build/Objects-normal/arm64/RnpError.o -index-unit-output-path /swift-rnp.build/Direct/Rnp.build/Objects-normal/arm64/RnpKey.o -index-unit-output-path /swift-rnp.build/Direct/Rnp.build/Objects-normal/arm64/Verification.o

SwiftDriverJobDiscovery normal arm64 Compiling FFIHelpers.swift, Rnp.swift, RnpError.swift, RnpKey.swift, Verification.swift (in target 'Rnp' from project 'swift-rnp')

SwiftDriverJobDiscovery normal x86_64 Compiling FFIHelpers.swift, Rnp.swift, RnpError.swift, RnpKey.swift, Verification.swift (in target 'Rnp' from project 'swift-rnp')

SwiftDriver\ Compilation\ Requirements Rnp normal arm64 com.apple.xcode.tools.swift.compiler (in target 'Rnp' from project 'swift-rnp')
    cd /Users/mulgogi/src/rnp/swift-rnp
    builtin-Swift-Compilation-Requirements -- /Applications/Xcode.app/Contents/Developer/Toolchains/XcodeDefault.xctoolchain/usr/bin/swiftc -module-name Rnp -O -whole-module-optimization -enforce-exclusivity\=checked @/Users/mulgogi/src/rnp/swift-rnp/Swift-Rnp/Build/Intermediates/swift-rnp.build/Direct/Rnp.build/Objects-normal/arm64/Rnp.SwiftFileList -DSWIFT_PACKAGE -Xcc -fmodule-map-file\=/Users/mulgogi/src/rnp/swift-rnp/Sources/CRnp/module.modulemap -DXcode -I/Users/mulgogi/src/rnp/swift-rnp/Vendor/RNPFramework.xcframework/macos-arm64_x86_64/RNPFramework.framework/Headers -sdk /Applications/Xcode.app/Contents/Developer/Platforms/MacOSX.platform/Developer/SDKs/MacOSX14.0.sdk -target arm64-apple-macos12.0 -g -module-cache-path /Users/mulgogi/Library/Developer/Xcode/DerivedData/ModuleCache.noindex -Xfrontend -serialize-debugging-options -swift-version 5 -I /Users/mulgogi/src/rnp/swift-rnp/Swift-Rnp/Build/Products/Direct -I /Applications/Xcode.app/Contents/Developer/Platforms/MacOSX.platform/Developer/usr/lib -F /Users/mulgogi/src/rnp/swift-rnp/Swift-Rnp/Build/Products/Direct -F /Applications/Xcode.app/Contents/Developer/Platforms/MacOSX.platform/Developer/Library/Frameworks -c -num-threads 10 -output-file-map /Users/mulgogi/src/rnp/swift-rnp/Swift-Rnp/Build/Intermediates/swift-rnp.build/Direct/Rnp.build/Objects-normal/arm64/Rnp-OutputFileMap.json -use-frontend-parseable-output -save-temps -no-color-diagnostics -serialize-diagnostics -emit-dependencies -emit-module -emit-module-path /Users/mulgogi/src/rnp/swift-rnp/Swift-Rnp/Build/Intermediates/swift-rnp.build/Direct/Rnp.build/Objects-normal/arm64/Rnp.swiftmodule -validate-clang-modules-once -clang-build-session-file /Users/mulgogi/Library/Developer/Xcode/DerivedData/ModuleCache.noindex/Session.modulevalidation -Xfrontend -package-name -Xfrontend swift_rnp -Xcc -I/Users/mulgogi/src/rnp/swift-rnp/Swift-Rnp/Build/Intermediates/swift-rnp.build/Direct/Rnp.build/swift-overrides.hmap -emit-const-values -Xfrontend -const-gather-protocols-file -Xfrontend /Users/mulgogi/src/rnp/swift-rnp/Swift-Rnp/Build/Intermediates/swift-rnp.build/Direct/Rnp.build/Objects-normal/arm64/Rnp_const_extract_protocols.json -Xcc -I/Users/mulgogi/src/rnp/swift-rnp/Swift-Rnp/Build/Products/Direct/include -Xcc -I/Users/mulgogi/src/rnp/swift-rnp/Swift-Rnp/Build/Intermediates/swift-rnp.build/Direct/Rnp.build/DerivedSources-normal/arm64 -Xcc -I/Users/mulgogi/src/rnp/swift-rnp/Swift-Rnp/Build/Intermediates/swift-rnp.build/Direct/Rnp.build/DerivedSources/arm64 -Xcc -I/Users/mulgogi/src/rnp/swift-rnp/Swift-Rnp/Build/Intermediates/swift-rnp.build/Direct/Rnp.build/DerivedSources -Xcc -DSWIFT_PACKAGE -emit-objc-header -emit-objc-header-path /Users/mulgogi/src/rnp/swift-rnp/Swift-Rnp/Build/Intermediates/swift-rnp.build/Direct/Rnp.build/Objects-normal/arm64/Rnp-Swift.h -working-directory /Users/mulgogi/src/rnp/swift-rnp -no-emit-module-separately-wmo

SwiftDriver\ Compilation\ Requirements Rnp normal x86_64 com.apple.xcode.tools.swift.compiler (in target 'Rnp' from project 'swift-rnp')
    cd /Users/mulgogi/src/rnp/swift-rnp
    builtin-Swift-Compilation-Requirements -- /Applications/Xcode.app/Contents/Developer/Toolchains/XcodeDefault.xctoolchain/usr/bin/swiftc -module-name Rnp -O -whole-module-optimization -enforce-exclusivity\=checked @/Users/mulgogi/src/rnp/swift-rnp/Swift-Rnp/Build/Intermediates/swift-rnp.build/Direct/Rnp.build/Objects-normal/x86_64/Rnp.SwiftFileList -DSWIFT_PACKAGE -Xcc -fmodule-map-file\=/Users/mulgogi/src/rnp/swift-rnp/Sources/CRnp/module.modulemap -DXcode -I/Users/mulgogi/src/rnp/swift-rnp/Vendor/RNPFramework.xcframework/macos-arm64_x86_64/RNPFramework.framework/Headers -sdk /Applications/Xcode.app/Contents/Developer/Platforms/MacOSX.platform/Developer/SDKs/MacOSX14.0.sdk -target x86_64-apple-macos12.0 -g -module-cache-path /Users/mulgogi/Library/Developer/Xcode/DerivedData/ModuleCache.noindex -Xfrontend -serialize-debugging-options -swift-version 5 -I /Users/mulgogi/src/rnp/swift-rnp/Swift-Rnp/Build/Products/Direct -I /Applications/Xcode.app/Contents/Developer/Platforms/MacOSX.platform/Developer/usr/lib -F /Users/mulgogi/src/rnp/swift-rnp/Swift-Rnp/Build/Products/Direct -F /Applications/Xcode.app/Contents/Developer/Platforms/MacOSX.platform/Developer/Library/Frameworks -c -num-threads 10 -output-file-map /Users/mulgogi/src/rnp/swift-rnp/Swift-Rnp/Build/Intermediates/swift-rnp.build/Direct/Rnp.build/Objects-normal/x86_64/Rnp-OutputFileMap.json -use-frontend-parseable-output -save-temps -no-color-diagnostics -serialize-diagnostics -emit-dependencies -emit-module -emit-module-path /Users/mulgogi/src/rnp/swift-rnp/Swift-Rnp/Build/Intermediates/swift-rnp.build/Direct/Rnp.build/Objects-normal/x86_64/Rnp.swiftmodule -validate-clang-modules-once -clang-build-session-file /Users/mulgogi/Library/Developer/Xcode/DerivedData/ModuleCache.noindex/Session.modulevalidation -Xfrontend -package-name -Xfrontend swift_rnp -Xcc -I/Users/mulgogi/src/rnp/swift-rnp/Swift-Rnp/Build/Intermediates/swift-rnp.build/Direct/Rnp.build/swift-overrides.hmap -emit-const-values -Xfrontend -const-gather-protocols-file -Xfrontend /Users/mulgogi/src/rnp/swift-rnp/Swift-Rnp/Build/Intermediates/swift-rnp.build/Direct/Rnp.build/Objects-normal/x86_64/Rnp_const_extract_protocols.json -Xcc -I/Users/mulgogi/src/rnp/swift-rnp/Swift-Rnp/Build/Products/Direct/include -Xcc -I/Users/mulgogi/src/rnp/swift-rnp/Swift-Rnp/Build/Intermediates/swift-rnp.build/Direct/Rnp.build/DerivedSources-normal/x86_64 -Xcc -I/Users/mulgogi/src/rnp/swift-rnp/Swift-Rnp/Build/Intermediates/swift-rnp.build/Direct/Rnp.build/DerivedSources/x86_64 -Xcc -I/Users/mulgogi/src/rnp/swift-rnp/Swift-Rnp/Build/Intermediates/swift-rnp.build/Direct/Rnp.build/DerivedSources -Xcc -DSWIFT_PACKAGE -emit-objc-header -emit-objc-header-path /Users/mulgogi/src/rnp/swift-rnp/Swift-Rnp/Build/Intermediates/swift-rnp.build/Direct/Rnp.build/Objects-normal/x86_64/Rnp-Swift.h -working-directory /Users/mulgogi/src/rnp/swift-rnp -no-emit-module-separately-wmo

SwiftMergeGeneratedHeaders /Users/mulgogi/src/rnp/swift-rnp/Swift-Rnp/Build/Intermediates/GeneratedModuleMaps/Rnp-Swift.h /Users/mulgogi/src/rnp/swift-rnp/Swift-Rnp/Build/Intermediates/swift-rnp.build/Direct/Rnp.build/Objects-normal/arm64/Rnp-Swift.h /Users/mulgogi/src/rnp/swift-rnp/Swift-Rnp/Build/Intermediates/swift-rnp.build/Direct/Rnp.build/Objects-normal/x86_64/Rnp-Swift.h (in target 'Rnp' from project 'swift-rnp')
    cd /Users/mulgogi/src/rnp/swift-rnp
    builtin-swiftHeaderTool -arch arm64 /Users/mulgogi/src/rnp/swift-rnp/Swift-Rnp/Build/Intermediates/swift-rnp.build/Direct/Rnp.build/Objects-normal/arm64/Rnp-Swift.h -arch x86_64 /Users/mulgogi/src/rnp/swift-rnp/Swift-Rnp/Build/Intermediates/swift-rnp.build/Direct/Rnp.build/Objects-normal/x86_64/Rnp-Swift.h -o /Users/mulgogi/src/rnp/swift-rnp/Swift-Rnp/Build/Intermediates/GeneratedModuleMaps/Rnp-Swift.h

Copy /Users/mulgogi/src/rnp/swift-rnp/Swift-Rnp/Build/Products/Direct/Rnp.swiftmodule/arm64-apple-macos.swiftdoc /Users/mulgogi/src/rnp/swift-rnp/Swift-Rnp/Build/Intermediates/swift-rnp.build/Direct/Rnp.build/Objects-normal/arm64/Rnp.swiftdoc (in target 'Rnp' from project 'swift-rnp')
    cd /Users/mulgogi/src/rnp/swift-rnp
    builtin-copy -exclude .DS_Store -exclude CVS -exclude .svn -exclude .git -exclude .hg -strip-unsigned-binaries -strip-deterministic -strip-tool /Applications/Xcode.app/Contents/Developer/Toolchains/XcodeDefault.xctoolchain/usr/bin/strip -resolve-src-symlinks -rename /Users/mulgogi/src/rnp/swift-rnp/Swift-Rnp/Build/Intermediates/swift-rnp.build/Direct/Rnp.build/Objects-normal/arm64/Rnp.swiftdoc /Users/mulgogi/src/rnp/swift-rnp/Swift-Rnp/Build/Products/Direct/Rnp.swiftmodule/arm64-apple-macos.swiftdoc

Copy /Users/mulgogi/src/rnp/swift-rnp/Swift-Rnp/Build/Products/Direct/Rnp.swiftmodule/arm64-apple-macos.swiftmodule /Users/mulgogi/src/rnp/swift-rnp/Swift-Rnp/Build/Intermediates/swift-rnp.build/Direct/Rnp.build/Objects-normal/arm64/Rnp.swiftmodule (in target 'Rnp' from project 'swift-rnp')
    cd /Users/mulgogi/src/rnp/swift-rnp
    builtin-copy -exclude .DS_Store -exclude CVS -exclude .svn -exclude .git -exclude .hg -strip-unsigned-binaries -strip-deterministic -strip-tool /Applications/Xcode.app/Contents/Developer/Toolchains/XcodeDefault.xctoolchain/usr/bin/strip -resolve-src-symlinks -rename /Users/mulgogi/src/rnp/swift-rnp/Swift-Rnp/Build/Intermediates/swift-rnp.build/Direct/Rnp.build/Objects-normal/arm64/Rnp.swiftmodule /Users/mulgogi/src/rnp/swift-rnp/Swift-Rnp/Build/Products/Direct/Rnp.swiftmodule/arm64-apple-macos.swiftmodule

Copy /Users/mulgogi/src/rnp/swift-rnp/Swift-Rnp/Build/Products/Direct/Rnp.swiftmodule/x86_64-apple-macos.swiftmodule /Users/mulgogi/src/rnp/swift-rnp/Swift-Rnp/Build/Intermediates/swift-rnp.build/Direct/Rnp.build/Objects-normal/x86_64/Rnp.swiftmodule (in target 'Rnp' from project 'swift-rnp')
    cd /Users/mulgogi/src/rnp/swift-rnp
    builtin-copy -exclude .DS_Store -exclude CVS -exclude .svn -exclude .git -exclude .hg -strip-unsigned-binaries -strip-deterministic -strip-tool /Applications/Xcode.app/Contents/Developer/Toolchains/XcodeDefault.xctoolchain/usr/bin/strip -resolve-src-symlinks -rename /Users/mulgogi/src/rnp/swift-rnp/Swift-Rnp/Build/Intermediates/swift-rnp.build/Direct/Rnp.build/Objects-normal/x86_64/Rnp.swiftmodule /Users/mulgogi/src/rnp/swift-rnp/Swift-Rnp/Build/Products/Direct/Rnp.swiftmodule/x86_64-apple-macos.swiftmodule

Copy /Users/mulgogi/src/rnp/swift-rnp/Swift-Rnp/Build/Products/Direct/Rnp.swiftmodule/x86_64-apple-macos.swiftdoc /Users/mulgogi/src/rnp/swift-rnp/Swift-Rnp/Build/Intermediates/swift-rnp.build/Direct/Rnp.build/Objects-normal/x86_64/Rnp.swiftdoc (in target 'Rnp' from project 'swift-rnp')
    cd /Users/mulgogi/src/rnp/swift-rnp
    builtin-copy -exclude .DS_Store -exclude CVS -exclude .svn -exclude .git -exclude .hg -strip-unsigned-binaries -strip-deterministic -strip-tool /Applications/Xcode.app/Contents/Developer/Toolchains/XcodeDefault.xctoolchain/usr/bin/strip -resolve-src-symlinks -rename /Users/mulgogi/src/rnp/swift-rnp/Swift-Rnp/Build/Intermediates/swift-rnp.build/Direct/Rnp.build/Objects-normal/x86_64/Rnp.swiftdoc /Users/mulgogi/src/rnp/swift-rnp/Swift-Rnp/Build/Products/Direct/Rnp.swiftmodule/x86_64-apple-macos.swiftdoc

Copy /Users/mulgogi/src/rnp/swift-rnp/Swift-Rnp/Build/Products/Direct/Rnp.swiftmodule/x86_64-apple-macos.abi.json /Users/mulgogi/src/rnp/swift-rnp/Swift-Rnp/Build/Intermediates/swift-rnp.build/Direct/Rnp.build/Objects-normal/x86_64/Rnp.abi.json (in target 'Rnp' from project 'swift-rnp')
    cd /Users/mulgogi/src/rnp/swift-rnp
    builtin-copy -exclude .DS_Store -exclude CVS -exclude .svn -exclude .git -exclude .hg -strip-unsigned-binaries -strip-deterministic -strip-tool /Applications/Xcode.app/Contents/Developer/Toolchains/XcodeDefault.xctoolchain/usr/bin/strip -resolve-src-symlinks -rename /Users/mulgogi/src/rnp/swift-rnp/Swift-Rnp/Build/Intermediates/swift-rnp.build/Direct/Rnp.build/Objects-normal/x86_64/Rnp.abi.json /Users/mulgogi/src/rnp/swift-rnp/Swift-Rnp/Build/Products/Direct/Rnp.swiftmodule/x86_64-apple-macos.abi.json

Copy /Users/mulgogi/src/rnp/swift-rnp/Swift-Rnp/Build/Products/Direct/Rnp.swiftmodule/arm64-apple-macos.abi.json /Users/mulgogi/src/rnp/swift-rnp/Swift-Rnp/Build/Intermediates/swift-rnp.build/Direct/Rnp.build/Objects-normal/arm64/Rnp.abi.json (in target 'Rnp' from project 'swift-rnp')
    cd /Users/mulgogi/src/rnp/swift-rnp
    builtin-copy -exclude .DS_Store -exclude CVS -exclude .svn -exclude .git -exclude .hg -strip-unsigned-binaries -strip-deterministic -strip-tool /Applications/Xcode.app/Contents/Developer/Toolchains/XcodeDefault.xctoolchain/usr/bin/strip -resolve-src-symlinks -rename /Users/mulgogi/src/rnp/swift-rnp/Swift-Rnp/Build/Intermediates/swift-rnp.build/Direct/Rnp.build/Objects-normal/arm64/Rnp.abi.json /Users/mulgogi/src/rnp/swift-rnp/Swift-Rnp/Build/Products/Direct/Rnp.swiftmodule/arm64-apple-macos.abi.json

Copy /Users/mulgogi/src/rnp/swift-rnp/Swift-Rnp/Build/Products/Direct/Rnp.swiftmodule/Project/arm64-apple-macos.swiftsourceinfo /Users/mulgogi/src/rnp/swift-rnp/Swift-Rnp/Build/Intermediates/swift-rnp.build/Direct/Rnp.build/Objects-normal/arm64/Rnp.swiftsourceinfo (in target 'Rnp' from project 'swift-rnp')
    cd /Users/mulgogi/src/rnp/swift-rnp
    builtin-copy -exclude .DS_Store -exclude CVS -exclude .svn -exclude .git -exclude .hg -strip-unsigned-binaries -strip-deterministic -strip-tool /Applications/Xcode.app/Contents/Developer/Toolchains/XcodeDefault.xctoolchain/usr/bin/strip -resolve-src-symlinks -rename /Users/mulgogi/src/rnp/swift-rnp/Swift-Rnp/Build/Intermediates/swift-rnp.build/Direct/Rnp.build/Objects-normal/arm64/Rnp.swiftsourceinfo /Users/mulgogi/src/rnp/swift-rnp/Swift-Rnp/Build/Products/Direct/Rnp.swiftmodule/Project/arm64-apple-macos.swiftsourceinfo

Copy /Users/mulgogi/src/rnp/swift-rnp/Swift-Rnp/Build/Products/Direct/Rnp.swiftmodule/Project/x86_64-apple-macos.swiftsourceinfo /Users/mulgogi/src/rnp/swift-rnp/Swift-Rnp/Build/Intermediates/swift-rnp.build/Direct/Rnp.build/Objects-normal/x86_64/Rnp.swiftsourceinfo (in target 'Rnp' from project 'swift-rnp')
    cd /Users/mulgogi/src/rnp/swift-rnp
    builtin-copy -exclude .DS_Store -exclude CVS -exclude .svn -exclude .git -exclude .hg -strip-unsigned-binaries -strip-deterministic -strip-tool /Applications/Xcode.app/Contents/Developer/Toolchains/XcodeDefault.xctoolchain/usr/bin/strip -resolve-src-symlinks -rename /Users/mulgogi/src/rnp/swift-rnp/Swift-Rnp/Build/Intermediates/swift-rnp.build/Direct/Rnp.build/Objects-normal/x86_64/Rnp.swiftsourceinfo /Users/mulgogi/src/rnp/swift-rnp/Swift-Rnp/Build/Products/Direct/Rnp.swiftmodule/Project/x86_64-apple-macos.swiftsourceinfo

Ld /Users/mulgogi/src/rnp/swift-rnp/Swift-Rnp/Build/Intermediates/swift-rnp.build/Direct/Rnp.build/Objects-normal/x86_64/Binary/Rnp.o normal x86_64 (in target 'Rnp' from project 'swift-rnp')
    cd /Users/mulgogi/src/rnp/swift-rnp
    /Applications/Xcode.app/Contents/Developer/Toolchains/XcodeDefault.xctoolchain/usr/bin/clang -Xlinker -reproducible -target x86_64-apple-macos12.0 -r -isysroot /Applications/Xcode.app/Contents/Developer/Platforms/MacOSX.platform/Developer/SDKs/MacOSX14.0.sdk -Os -L/Users/mulgogi/src/rnp/swift-rnp/Swift-Rnp/Build/Intermediates/EagerLinkingTBDs/Direct -L/Users/mulgogi/src/rnp/swift-rnp/Swift-Rnp/Build/Products/Direct -L/Applications/Xcode.app/Contents/Developer/Platforms/MacOSX.platform/Developer/usr/lib -F/Users/mulgogi/src/rnp/swift-rnp/Swift-Rnp/Build/Intermediates/EagerLinkingTBDs/Direct -F/Users/mulgogi/src/rnp/swift-rnp/Swift-Rnp/Build/Products/Direct -F/Applications/Xcode.app/Contents/Developer/Platforms/MacOSX.platform/Developer/Library/Frameworks -iframework /Applications/Xcode.app/Contents/Developer/Platforms/MacOSX.platform/Developer/Library/Frameworks -filelist /Users/mulgogi/src/rnp/swift-rnp/Swift-Rnp/Build/Intermediates/swift-rnp.build/Direct/Rnp.build/Objects-normal/x86_64/Rnp.LinkFileList -nostdlib -Xlinker -object_path_lto -Xlinker /Users/mulgogi/src/rnp/swift-rnp/Swift-Rnp/Build/Intermediates/swift-rnp.build/Direct/Rnp.build/Objects-normal/x86_64/Rnp_lto.o -fobjc-link-runtime -L/Applications/Xcode.app/Contents/Developer/Toolchains/XcodeDefault.xctoolchain/usr/lib/swift/macosx -L/usr/lib/swift -Xlinker -add_ast_path -Xlinker /Users/mulgogi/src/rnp/swift-rnp/Swift-Rnp/Build/Intermediates/swift-rnp.build/Direct/Rnp.build/Objects-normal/x86_64/Rnp.swiftmodule -Xlinker -dependency_info -Xlinker /Users/mulgogi/src/rnp/swift-rnp/Swift-Rnp/Build/Intermediates/swift-rnp.build/Direct/Rnp.build/Objects-normal/x86_64/Rnp_dependency_info.dat -o /Users/mulgogi/src/rnp/swift-rnp/Swift-Rnp/Build/Intermediates/swift-rnp.build/Direct/Rnp.build/Objects-normal/x86_64/Binary/Rnp.o

Ld /Users/mulgogi/src/rnp/swift-rnp/Swift-Rnp/Build/Intermediates/swift-rnp.build/Direct/Rnp.build/Objects-normal/arm64/Binary/Rnp.o normal arm64 (in target 'Rnp' from project 'swift-rnp')
    cd /Users/mulgogi/src/rnp/swift-rnp
    /Applications/Xcode.app/Contents/Developer/Toolchains/XcodeDefault.xctoolchain/usr/bin/clang -Xlinker -reproducible -target arm64-apple-macos12.0 -r -isysroot /Applications/Xcode.app/Contents/Developer/Platforms/MacOSX.platform/Developer/SDKs/MacOSX14.0.sdk -Os -L/Users/mulgogi/src/rnp/swift-rnp/Swift-Rnp/Build/Intermediates/EagerLinkingTBDs/Direct -L/Users/mulgogi/src/rnp/swift-rnp/Swift-Rnp/Build/Products/Direct -L/Applications/Xcode.app/Contents/Developer/Platforms/MacOSX.platform/Developer/usr/lib -F/Users/mulgogi/src/rnp/swift-rnp/Swift-Rnp/Build/Intermediates/EagerLinkingTBDs/Direct -F/Users/mulgogi/src/rnp/swift-rnp/Swift-Rnp/Build/Products/Direct -F/Applications/Xcode.app/Contents/Developer/Platforms/MacOSX.platform/Developer/Library/Frameworks -iframework /Applications/Xcode.app/Contents/Developer/Platforms/MacOSX.platform/Developer/Library/Frameworks -filelist /Users/mulgogi/src/rnp/swift-rnp/Swift-Rnp/Build/Intermediates/swift-rnp.build/Direct/Rnp.build/Objects-normal/arm64/Rnp.LinkFileList -nostdlib -Xlinker -object_path_lto -Xlinker /Users/mulgogi/src/rnp/swift-rnp/Swift-Rnp/Build/Intermediates/swift-rnp.build/Direct/Rnp.build/Objects-normal/arm64/Rnp_lto.o -fobjc-link-runtime -L/Applications/Xcode.app/Contents/Developer/Toolchains/XcodeDefault.xctoolchain/usr/lib/swift/macosx -L/usr/lib/swift -Xlinker -add_ast_path -Xlinker /Users/mulgogi/src/rnp/swift-rnp/Swift-Rnp/Build/Intermediates/swift-rnp.build/Direct/Rnp.build/Objects-normal/arm64/Rnp.swiftmodule -Xlinker -dependency_info -Xlinker /Users/mulgogi/src/rnp/swift-rnp/Swift-Rnp/Build/Intermediates/swift-rnp.build/Direct/Rnp.build/Objects-normal/arm64/Rnp_dependency_info.dat -o /Users/mulgogi/src/rnp/swift-rnp/Swift-Rnp/Build/Intermediates/swift-rnp.build/Direct/Rnp.build/Objects-normal/arm64/Binary/Rnp.o

WriteAuxiliaryFile /Users/mulgogi/src/rnp/swift-rnp/Swift-Rnp/Build/Intermediates/swift-rnp.build/Direct/MailSecurityEngine.build/MailSecurityEngine.modulemap (in target 'MailSecurityEngine' from project 'swift-rnp')
    cd /Users/mulgogi/src/rnp/swift-rnp
    write-file /Users/mulgogi/src/rnp/swift-rnp/Swift-Rnp/Build/Intermediates/swift-rnp.build/Direct/MailSecurityEngine.build/MailSecurityEngine.modulemap

Copy /Users/mulgogi/src/rnp/swift-rnp/Swift-Rnp/Build/Intermediates/GeneratedModuleMaps/MailSecurityEngine.modulemap /Users/mulgogi/src/rnp/swift-rnp/Swift-Rnp/Build/Intermediates/swift-rnp.build/Direct/MailSecurityEngine.build/MailSecurityEngine.modulemap (in target 'MailSecurityEngine' from project 'swift-rnp')
    cd /Users/mulgogi/src/rnp/swift-rnp
    builtin-copy -exclude .DS_Store -exclude CVS -exclude .svn -exclude .git -exclude .hg -strip-unsigned-binaries -strip-deterministic -strip-tool /Applications/Xcode.app/Contents/Developer/Toolchains/XcodeDefault.xctoolchain/usr/bin/strip -resolve-src-symlinks /Users/mulgogi/src/rnp/swift-rnp/Swift-Rnp/Build/Intermediates/swift-rnp.build/Direct/MailSecurityEngine.build/MailSecurityEngine.modulemap /Users/mulgogi/src/rnp/swift-rnp/Swift-Rnp/Build/Intermediates/GeneratedModuleMaps

WriteAuxiliaryFile /Users/mulgogi/src/rnp/swift-rnp/Swift-Rnp/Build/Intermediates/swift-rnp.build/Direct/MailSecurityEngine.build/Objects-normal/x86_64/MailSecurityEngine_const_extract_protocols.json (in target 'MailSecurityEngine' from project 'swift-rnp')
    cd /Users/mulgogi/src/rnp/swift-rnp
    write-file /Users/mulgogi/src/rnp/swift-rnp/Swift-Rnp/Build/Intermediates/swift-rnp.build/Direct/MailSecurityEngine.build/Objects-normal/x86_64/MailSecurityEngine_const_extract_protocols.json

WriteAuxiliaryFile /Users/mulgogi/src/rnp/swift-rnp/Swift-Rnp/Build/Intermediates/swift-rnp.build/Direct/MailSecurityEngine.build/Objects-normal/x86_64/MailSecurityEngine-OutputFileMap.json (in target 'MailSecurityEngine' from project 'swift-rnp')
    cd /Users/mulgogi/src/rnp/swift-rnp
    write-file /Users/mulgogi/src/rnp/swift-rnp/Swift-Rnp/Build/Intermediates/swift-rnp.build/Direct/MailSecurityEngine.build/Objects-normal/x86_64/MailSecurityEngine-OutputFileMap.json

WriteAuxiliaryFile /Users/mulgogi/src/rnp/swift-rnp/Swift-Rnp/Build/Intermediates/swift-rnp.build/Direct/MailSecurityEngine.build/Objects-normal/x86_64/MailSecurityEngine.SwiftFileList (in target 'MailSecurityEngine' from project 'swift-rnp')
    cd /Users/mulgogi/src/rnp/swift-rnp
    write-file /Users/mulgogi/src/rnp/swift-rnp/Swift-Rnp/Build/Intermediates/swift-rnp.build/Direct/MailSecurityEngine.build/Objects-normal/x86_64/MailSecurityEngine.SwiftFileList

WriteAuxiliaryFile /Users/mulgogi/src/rnp/swift-rnp/Swift-Rnp/Build/Intermediates/swift-rnp.build/Direct/MailSecurityEngine.build/Objects-normal/arm64/MailSecurityEngine.SwiftFileList (in target 'MailSecurityEngine' from project 'swift-rnp')
    cd /Users/mulgogi/src/rnp/swift-rnp
    write-file /Users/mulgogi/src/rnp/swift-rnp/Swift-Rnp/Build/Intermediates/swift-rnp.build/Direct/MailSecurityEngine.build/Objects-normal/arm64/MailSecurityEngine.SwiftFileList

WriteAuxiliaryFile /Users/mulgogi/src/rnp/swift-rnp/Swift-Rnp/Build/Intermediates/swift-rnp.build/Direct/MailSecurityEngine.build/Objects-normal/arm64/MailSecurityEngine_const_extract_protocols.json (in target 'MailSecurityEngine' from project 'swift-rnp')
    cd /Users/mulgogi/src/rnp/swift-rnp
    write-file /Users/mulgogi/src/rnp/swift-rnp/Swift-Rnp/Build/Intermediates/swift-rnp.build/Direct/MailSecurityEngine.build/Objects-normal/arm64/MailSecurityEngine_const_extract_protocols.json

WriteAuxiliaryFile /Users/mulgogi/src/rnp/swift-rnp/Swift-Rnp/Build/Intermediates/swift-rnp.build/Direct/MailSecurityEngine.build/Objects-normal/arm64/MailSecurityEngine-OutputFileMap.json (in target 'MailSecurityEngine' from project 'swift-rnp')
    cd /Users/mulgogi/src/rnp/swift-rnp
    write-file /Users/mulgogi/src/rnp/swift-rnp/Swift-Rnp/Build/Intermediates/swift-rnp.build/Direct/MailSecurityEngine.build/Objects-normal/arm64/MailSecurityEngine-OutputFileMap.json

SwiftDriver MailSecurityEngine normal arm64 com.apple.xcode.tools.swift.compiler (in target 'MailSecurityEngine' from project 'swift-rnp')
    cd /Users/mulgogi/src/rnp/swift-rnp
    builtin-SwiftDriver -- /Applications/Xcode.app/Contents/Developer/Toolchains/XcodeDefault.xctoolchain/usr/bin/swiftc -module-name MailSecurityEngine -O -whole-module-optimization -enforce-exclusivity\=checked @/Users/mulgogi/src/rnp/swift-rnp/Swift-Rnp/Build/Intermediates/swift-rnp.build/Direct/MailSecurityEngine.build/Objects-normal/arm64/MailSecurityEngine.SwiftFileList -DSWIFT_PACKAGE -Xcc -fmodule-map-file\=/Users/mulgogi/src/rnp/swift-rnp/Sources/CRnp/module.modulemap -DXcode -I/Users/mulgogi/src/rnp/swift-rnp/Vendor/RNPFramework.xcframework/macos-arm64_x86_64/RNPFramework.framework/Headers -sdk /Applications/Xcode.app/Contents/Developer/Platforms/MacOSX.platform/Developer/SDKs/MacOSX14.0.sdk -target arm64-apple-macos12.0 -g -module-cache-path /Users/mulgogi/Library/Developer/Xcode/DerivedData/ModuleCache.noindex -Xfrontend -serialize-debugging-options -swift-version 5 -I /Users/mulgogi/src/rnp/swift-rnp/Swift-Rnp/Build/Products/Direct -I /Applications/Xcode.app/Contents/Developer/Platforms/MacOSX.platform/Developer/usr/lib -F /Users/mulgogi/src/rnp/swift-rnp/Swift-Rnp/Build/Products/Direct/PackageFrameworks -F /Users/mulgogi/src/rnp/swift-rnp/Swift-Rnp/Build/Products/Direct -F /Applications/Xcode.app/Contents/Developer/Platforms/MacOSX.platform/Developer/Library/Frameworks -c -num-threads 10 -output-file-map /Users/mulgogi/src/rnp/swift-rnp/Swift-Rnp/Build/Intermediates/swift-rnp.build/Direct/MailSecurityEngine.build/Objects-normal/arm64/MailSecurityEngine-OutputFileMap.json -use-frontend-parseable-output -save-temps -no-color-diagnostics -serialize-diagnostics -emit-dependencies -emit-module -emit-module-path /Users/mulgogi/src/rnp/swift-rnp/Swift-Rnp/Build/Intermediates/swift-rnp.build/Direct/MailSecurityEngine.build/Objects-normal/arm64/MailSecurityEngine.swiftmodule -validate-clang-modules-once -clang-build-session-file /Users/mulgogi/Library/Developer/Xcode/DerivedData/ModuleCache.noindex/Session.modulevalidation -Xfrontend -package-name -Xfrontend swift_rnp -Xcc -I/Users/mulgogi/src/rnp/swift-rnp/Swift-Rnp/Build/Intermediates/swift-rnp.build/Direct/MailSecurityEngine.build/swift-overrides.hmap -emit-const-values -Xfrontend -const-gather-protocols-file -Xfrontend /Users/mulgogi/src/rnp/swift-rnp/Swift-Rnp/Build/Intermediates/swift-rnp.build/Direct/MailSecurityEngine.build/Objects-normal/arm64/MailSecurityEngine_const_extract_protocols.json -Xcc -I/Users/mulgogi/src/rnp/swift-rnp/Swift-Rnp/Build/Products/Direct/include -Xcc -I/Users/mulgogi/src/rnp/swift-rnp/Swift-Rnp/Build/Intermediates/swift-rnp.build/Direct/MailSecurityEngine.build/DerivedSources-normal/arm64 -Xcc -I/Users/mulgogi/src/rnp/swift-rnp/Swift-Rnp/Build/Intermediates/swift-rnp.build/Direct/MailSecurityEngine.build/DerivedSources/arm64 -Xcc -I/Users/mulgogi/src/rnp/swift-rnp/Swift-Rnp/Build/Intermediates/swift-rnp.build/Direct/MailSecurityEngine.build/DerivedSources -Xcc -DSWIFT_PACKAGE -emit-objc-header -emit-objc-header-path /Users/mulgogi/src/rnp/swift-rnp/Swift-Rnp/Build/Intermediates/swift-rnp.build/Direct/MailSecurityEngine.build/Objects-normal/arm64/MailSecurityEngine-Swift.h -working-directory /Users/mulgogi/src/rnp/swift-rnp -no-emit-module-separately-wmo

SwiftDriver MailSecurityEngine normal x86_64 com.apple.xcode.tools.swift.compiler (in target 'MailSecurityEngine' from project 'swift-rnp')
    cd /Users/mulgogi/src/rnp/swift-rnp
    builtin-SwiftDriver -- /Applications/Xcode.app/Contents/Developer/Toolchains/XcodeDefault.xctoolchain/usr/bin/swiftc -module-name MailSecurityEngine -O -whole-module-optimization -enforce-exclusivity\=checked @/Users/mulgogi/src/rnp/swift-rnp/Swift-Rnp/Build/Intermediates/swift-rnp.build/Direct/MailSecurityEngine.build/Objects-normal/x86_64/MailSecurityEngine.SwiftFileList -DSWIFT_PACKAGE -Xcc -fmodule-map-file\=/Users/mulgogi/src/rnp/swift-rnp/Sources/CRnp/module.modulemap -DXcode -I/Users/mulgogi/src/rnp/swift-rnp/Vendor/RNPFramework.xcframework/macos-arm64_x86_64/RNPFramework.framework/Headers -sdk /Applications/Xcode.app/Contents/Developer/Platforms/MacOSX.platform/Developer/SDKs/MacOSX14.0.sdk -target x86_64-apple-macos12.0 -g -module-cache-path /Users/mulgogi/Library/Developer/Xcode/DerivedData/ModuleCache.noindex -Xfrontend -serialize-debugging-options -swift-version 5 -I /Users/mulgogi/src/rnp/swift-rnp/Swift-Rnp/Build/Products/Direct -I /Applications/Xcode.app/Contents/Developer/Platforms/MacOSX.platform/Developer/usr/lib -F /Users/mulgogi/src/rnp/swift-rnp/Swift-Rnp/Build/Products/Direct/PackageFrameworks -F /Users/mulgogi/src/rnp/swift-rnp/Swift-Rnp/Build/Products/Direct -F /Applications/Xcode.app/Contents/Developer/Platforms/MacOSX.platform/Developer/Library/Frameworks -c -num-threads 10 -output-file-map /Users/mulgogi/src/rnp/swift-rnp/Swift-Rnp/Build/Intermediates/swift-rnp.build/Direct/MailSecurityEngine.build/Objects-normal/x86_64/MailSecurityEngine-OutputFileMap.json -use-frontend-parseable-output -save-temps -no-color-diagnostics -serialize-diagnostics -emit-dependencies -emit-module -emit-module-path /Users/mulgogi/src/rnp/swift-rnp/Swift-Rnp/Build/Intermediates/swift-rnp.build/Direct/MailSecurityEngine.build/Objects-normal/x86_64/MailSecurityEngine.swiftmodule -validate-clang-modules-once -clang-build-session-file /Users/mulgogi/Library/Developer/Xcode/DerivedData/ModuleCache.noindex/Session.modulevalidation -Xfrontend -package-name -Xfrontend swift_rnp -Xcc -I/Users/mulgogi/src/rnp/swift-rnp/Swift-Rnp/Build/Intermediates/swift-rnp.build/Direct/MailSecurityEngine.build/swift-overrides.hmap -emit-const-values -Xfrontend -const-gather-protocols-file -Xfrontend /Users/mulgogi/src/rnp/swift-rnp/Swift-Rnp/Build/Intermediates/swift-rnp.build/Direct/MailSecurityEngine.build/Objects-normal/x86_64/MailSecurityEngine_const_extract_protocols.json -Xcc -I/Users/mulgogi/src/rnp/swift-rnp/Swift-Rnp/Build/Products/Direct/include -Xcc -I/Users/mulgogi/src/rnp/swift-rnp/Swift-Rnp/Build/Intermediates/swift-rnp.build/Direct/MailSecurityEngine.build/DerivedSources-normal/x86_64 -Xcc -I/Users/mulgogi/src/rnp/swift-rnp/Swift-Rnp/Build/Intermediates/swift-rnp.build/Direct/MailSecurityEngine.build/DerivedSources/x86_64 -Xcc -I/Users/mulgogi/src/rnp/swift-rnp/Swift-Rnp/Build/Intermediates/swift-rnp.build/Direct/MailSecurityEngine.build/DerivedSources -Xcc -DSWIFT_PACKAGE -emit-objc-header -emit-objc-header-path /Users/mulgogi/src/rnp/swift-rnp/Swift-Rnp/Build/Intermediates/swift-rnp.build/Direct/MailSecurityEngine.build/Objects-normal/x86_64/MailSecurityEngine-Swift.h -working-directory /Users/mulgogi/src/rnp/swift-rnp -no-emit-module-separately-wmo

SwiftDriver\ Compilation MailSecurityEngine normal arm64 com.apple.xcode.tools.swift.compiler (in target 'MailSecurityEngine' from project 'swift-rnp')
    cd /Users/mulgogi/src/rnp/swift-rnp
    builtin-Swift-Compilation -- /Applications/Xcode.app/Contents/Developer/Toolchains/XcodeDefault.xctoolchain/usr/bin/swiftc -module-name MailSecurityEngine -O -whole-module-optimization -enforce-exclusivity\=checked @/Users/mulgogi/src/rnp/swift-rnp/Swift-Rnp/Build/Intermediates/swift-rnp.build/Direct/MailSecurityEngine.build/Objects-normal/arm64/MailSecurityEngine.SwiftFileList -DSWIFT_PACKAGE -Xcc -fmodule-map-file\=/Users/mulgogi/src/rnp/swift-rnp/Sources/CRnp/module.modulemap -DXcode -I/Users/mulgogi/src/rnp/swift-rnp/Vendor/RNPFramework.xcframework/macos-arm64_x86_64/RNPFramework.framework/Headers -sdk /Applications/Xcode.app/Contents/Developer/Platforms/MacOSX.platform/Developer/SDKs/MacOSX14.0.sdk -target arm64-apple-macos12.0 -g -module-cache-path /Users/mulgogi/Library/Developer/Xcode/DerivedData/ModuleCache.noindex -Xfrontend -serialize-debugging-options -swift-version 5 -I /Users/mulgogi/src/rnp/swift-rnp/Swift-Rnp/Build/Products/Direct -I /Applications/Xcode.app/Contents/Developer/Platforms/MacOSX.platform/Developer/usr/lib -F /Users/mulgogi/src/rnp/swift-rnp/Swift-Rnp/Build/Products/Direct/PackageFrameworks -F /Users/mulgogi/src/rnp/swift-rnp/Swift-Rnp/Build/Products/Direct -F /Applications/Xcode.app/Contents/Developer/Platforms/MacOSX.platform/Developer/Library/Frameworks -c -num-threads 10 -output-file-map /Users/mulgogi/src/rnp/swift-rnp/Swift-Rnp/Build/Intermediates/swift-rnp.build/Direct/MailSecurityEngine.build/Objects-normal/arm64/MailSecurityEngine-OutputFileMap.json -use-frontend-parseable-output -save-temps -no-color-diagnostics -serialize-diagnostics -emit-dependencies -emit-module -emit-module-path /Users/mulgogi/src/rnp/swift-rnp/Swift-Rnp/Build/Intermediates/swift-rnp.build/Direct/MailSecurityEngine.build/Objects-normal/arm64/MailSecurityEngine.swiftmodule -validate-clang-modules-once -clang-build-session-file /Users/mulgogi/Library/Developer/Xcode/DerivedData/ModuleCache.noindex/Session.modulevalidation -Xfrontend -package-name -Xfrontend swift_rnp -Xcc -I/Users/mulgogi/src/rnp/swift-rnp/Swift-Rnp/Build/Intermediates/swift-rnp.build/Direct/MailSecurityEngine.build/swift-overrides.hmap -emit-const-values -Xfrontend -const-gather-protocols-file -Xfrontend /Users/mulgogi/src/rnp/swift-rnp/Swift-Rnp/Build/Intermediates/swift-rnp.build/Direct/MailSecurityEngine.build/Objects-normal/arm64/MailSecurityEngine_const_extract_protocols.json -Xcc -I/Users/mulgogi/src/rnp/swift-rnp/Swift-Rnp/Build/Products/Direct/include -Xcc -I/Users/mulgogi/src/rnp/swift-rnp/Swift-Rnp/Build/Intermediates/swift-rnp.build/Direct/MailSecurityEngine.build/DerivedSources-normal/arm64 -Xcc -I/Users/mulgogi/src/rnp/swift-rnp/Swift-Rnp/Build/Intermediates/swift-rnp.build/Direct/MailSecurityEngine.build/DerivedSources/arm64 -Xcc -I/Users/mulgogi/src/rnp/swift-rnp/Swift-Rnp/Build/Intermediates/swift-rnp.build/Direct/MailSecurityEngine.build/DerivedSources -Xcc -DSWIFT_PACKAGE -emit-objc-header -emit-objc-header-path /Users/mulgogi/src/rnp/swift-rnp/Swift-Rnp/Build/Intermediates/swift-rnp.build/Direct/MailSecurityEngine.build/Objects-normal/arm64/MailSecurityEngine-Swift.h -working-directory /Users/mulgogi/src/rnp/swift-rnp -no-emit-module-separately-wmo

SwiftDriver\ Compilation MailSecurityEngine normal x86_64 com.apple.xcode.tools.swift.compiler (in target 'MailSecurityEngine' from project 'swift-rnp')
    cd /Users/mulgogi/src/rnp/swift-rnp
    builtin-Swift-Compilation -- /Applications/Xcode.app/Contents/Developer/Toolchains/XcodeDefault.xctoolchain/usr/bin/swiftc -module-name MailSecurityEngine -O -whole-module-optimization -enforce-exclusivity\=checked @/Users/mulgogi/src/rnp/swift-rnp/Swift-Rnp/Build/Intermediates/swift-rnp.build/Direct/MailSecurityEngine.build/Objects-normal/x86_64/MailSecurityEngine.SwiftFileList -DSWIFT_PACKAGE -Xcc -fmodule-map-file\=/Users/mulgogi/src/rnp/swift-rnp/Sources/CRnp/module.modulemap -DXcode -I/Users/mulgogi/src/rnp/swift-rnp/Vendor/RNPFramework.xcframework/macos-arm64_x86_64/RNPFramework.framework/Headers -sdk /Applications/Xcode.app/Contents/Developer/Platforms/MacOSX.platform/Developer/SDKs/MacOSX14.0.sdk -target x86_64-apple-macos12.0 -g -module-cache-path /Users/mulgogi/Library/Developer/Xcode/DerivedData/ModuleCache.noindex -Xfrontend -serialize-debugging-options -swift-version 5 -I /Users/mulgogi/src/rnp/swift-rnp/Swift-Rnp/Build/Products/Direct -I /Applications/Xcode.app/Contents/Developer/Platforms/MacOSX.platform/Developer/usr/lib -F /Users/mulgogi/src/rnp/swift-rnp/Swift-Rnp/Build/Products/Direct/PackageFrameworks -F /Users/mulgogi/src/rnp/swift-rnp/Swift-Rnp/Build/Products/Direct -F /Applications/Xcode.app/Contents/Developer/Platforms/MacOSX.platform/Developer/Library/Frameworks -c -num-threads 10 -output-file-map /Users/mulgogi/src/rnp/swift-rnp/Swift-Rnp/Build/Intermediates/swift-rnp.build/Direct/MailSecurityEngine.build/Objects-normal/x86_64/MailSecurityEngine-OutputFileMap.json -use-frontend-parseable-output -save-temps -no-color-diagnostics -serialize-diagnostics -emit-dependencies -emit-module -emit-module-path /Users/mulgogi/src/rnp/swift-rnp/Swift-Rnp/Build/Intermediates/swift-rnp.build/Direct/MailSecurityEngine.build/Objects-normal/x86_64/MailSecurityEngine.swiftmodule -validate-clang-modules-once -clang-build-session-file /Users/mulgogi/Library/Developer/Xcode/DerivedData/ModuleCache.noindex/Session.modulevalidation -Xfrontend -package-name -Xfrontend swift_rnp -Xcc -I/Users/mulgogi/src/rnp/swift-rnp/Swift-Rnp/Build/Intermediates/swift-rnp.build/Direct/MailSecurityEngine.build/swift-overrides.hmap -emit-const-values -Xfrontend -const-gather-protocols-file -Xfrontend /Users/mulgogi/src/rnp/swift-rnp/Swift-Rnp/Build/Intermediates/swift-rnp.build/Direct/MailSecurityEngine.build/Objects-normal/x86_64/MailSecurityEngine_const_extract_protocols.json -Xcc -I/Users/mulgogi/src/rnp/swift-rnp/Swift-Rnp/Build/Products/Direct/include -Xcc -I/Users/mulgogi/src/rnp/swift-rnp/Swift-Rnp/Build/Intermediates/swift-rnp.build/Direct/MailSecurityEngine.build/DerivedSources-normal/x86_64 -Xcc -I/Users/mulgogi/src/rnp/swift-rnp/Swift-Rnp/Build/Intermediates/swift-rnp.build/Direct/MailSecurityEngine.build/DerivedSources/x86_64 -Xcc -I/Users/mulgogi/src/rnp/swift-rnp/Swift-Rnp/Build/Intermediates/swift-rnp.build/Direct/MailSecurityEngine.build/DerivedSources -Xcc -DSWIFT_PACKAGE -emit-objc-header -emit-objc-header-path /Users/mulgogi/src/rnp/swift-rnp/Swift-Rnp/Build/Intermediates/swift-rnp.build/Direct/MailSecurityEngine.build/Objects-normal/x86_64/MailSecurityEngine-Swift.h -working-directory /Users/mulgogi/src/rnp/swift-rnp -no-emit-module-separately-wmo

SwiftCompile normal arm64 Compiling\ KeyManager.swift,\ MailSecurityEngine.swift,\ MessageDecoder.swift,\ MessageEncoder.swift,\ MimeMessage.swift /Users/mulgogi/src/rnp/swift-rnp/Sources/MailSecurityEngine/KeyManager.swift /Users/mulgogi/src/rnp/swift-rnp/Sources/MailSecurityEngine/MailSecurityEngine.swift /Users/mulgogi/src/rnp/swift-rnp/Sources/MailSecurityEngine/MessageDecoder.swift /Users/mulgogi/src/rnp/swift-rnp/Sources/MailSecurityEngine/MessageEncoder.swift /Users/mulgogi/src/rnp/swift-rnp/Sources/MailSecurityEngine/MimeMessage.swift (in target 'MailSecurityEngine' from project 'swift-rnp')
    cd /Users/mulgogi/src/rnp/swift-rnp
    builtin-swiftTaskExecution -- /Applications/Xcode.app/Contents/Developer/Toolchains/XcodeDefault.xctoolchain/usr/bin/swift-frontend -frontend -c /Users/mulgogi/src/rnp/swift-rnp/Sources/MailSecurityEngine/KeyManager.swift /Users/mulgogi/src/rnp/swift-rnp/Sources/MailSecurityEngine/MailSecurityEngine.swift /Users/mulgogi/src/rnp/swift-rnp/Sources/MailSecurityEngine/MessageDecoder.swift /Users/mulgogi/src/rnp/swift-rnp/Sources/MailSecurityEngine/MessageEncoder.swift /Users/mulgogi/src/rnp/swift-rnp/Sources/MailSecurityEngine/MimeMessage.swift -supplementary-output-file-map /Users/mulgogi/src/rnp/swift-rnp/Swift-Rnp/Build/Intermediates/swift-rnp.build/Direct/MailSecurityEngine.build/Objects-normal/arm64/supplementaryOutputs-3 -target arm64-apple-macos12.0 -Xllvm -aarch64-use-tbi -enable-objc-interop -stack-check -sdk /Applications/Xcode.app/Contents/Developer/Platforms/MacOSX.platform/Developer/SDKs/MacOSX14.0.sdk -I /Users/mulgogi/src/rnp/swift-rnp/Vendor/RNPFramework.xcframework/macos-arm64_x86_64/RNPFramework.framework/Headers -I /Users/mulgogi/src/rnp/swift-rnp/Swift-Rnp/Build/Products/Direct -I /Applications/Xcode.app/Contents/Developer/Platforms/MacOSX.platform/Developer/usr/lib -F /Users/mulgogi/src/rnp/swift-rnp/Swift-Rnp/Build/Products/Direct/PackageFrameworks -F /Users/mulgogi/src/rnp/swift-rnp/Swift-Rnp/Build/Products/Direct -F /Applications/Xcode.app/Contents/Developer/Platforms/MacOSX.platform/Developer/Library/Frameworks -no-color-diagnostics -g -module-cache-path /Users/mulgogi/Library/Developer/Xcode/DerivedData/ModuleCache.noindex -swift-version 5 -enforce-exclusivity\=checked -O -D SWIFT_PACKAGE -D Xcode -serialize-debugging-options -package-name swift_rnp -const-gather-protocols-file /Users/mulgogi/src/rnp/swift-rnp/Swift-Rnp/Build/Intermediates/swift-rnp.build/Direct/MailSecurityEngine.build/Objects-normal/arm64/MailSecurityEngine_const_extract_protocols.json -empty-abi-descriptor -validate-clang-modules-once -clang-build-session-file /Users/mulgogi/Library/Developer/Xcode/DerivedData/ModuleCache.noindex/Session.modulevalidation -Xcc -working-directory -Xcc /Users/mulgogi/src/rnp/swift-rnp -resource-dir /Applications/Xcode.app/Contents/Developer/Toolchains/XcodeDefault.xctoolchain/usr/lib/swift -Xcc -fmodule-map-file\=/Users/mulgogi/src/rnp/swift-rnp/Sources/CRnp/module.modulemap -Xcc -I/Users/mulgogi/src/rnp/swift-rnp/Swift-Rnp/Build/Intermediates/swift-rnp.build/Direct/MailSecurityEngine.build/swift-overrides.hmap -Xcc -I/Users/mulgogi/src/rnp/swift-rnp/Swift-Rnp/Build/Products/Direct/include -Xcc -I/Users/mulgogi/src/rnp/swift-rnp/Swift-Rnp/Build/Intermediates/swift-rnp.build/Direct/MailSecurityEngine.build/DerivedSources-normal/arm64 -Xcc -I/Users/mulgogi/src/rnp/swift-rnp/Swift-Rnp/Build/Intermediates/swift-rnp.build/Direct/MailSecurityEngine.build/DerivedSources/arm64 -Xcc -I/Users/mulgogi/src/rnp/swift-rnp/Swift-Rnp/Build/Intermediates/swift-rnp.build/Direct/MailSecurityEngine.build/DerivedSources -Xcc -DSWIFT_PACKAGE -module-name MailSecurityEngine -frontend-parseable-output -disable-clang-spi -target-sdk-version 14.0 -target-sdk-name macosx14.0 -external-plugin-path /Applications/Xcode.app/Contents/Developer/Platforms/MacOSX.platform/Developer/SDKs/MacOSX14.0.sdk/usr/lib/swift/host/plugins\#/Applications/Xcode.app/Contents/Developer/Platforms/MacOSX.platform/Developer/SDKs/MacOSX14.0.sdk/usr/bin/swift-plugin-server -external-plugin-path /Applications/Xcode.app/Contents/Developer/Platforms/MacOSX.platform/Developer/SDKs/MacOSX14.0.sdk/usr/local/lib/swift/host/plugins\#/Applications/Xcode.app/Contents/Developer/Platforms/MacOSX.platform/Developer/SDKs/MacOSX14.0.sdk/usr/bin/swift-plugin-server -external-plugin-path /Applications/Xcode.app/Contents/Developer/Platforms/MacOSX.platform/Developer/usr/lib/swift/host/plugins\#/Applications/Xcode.app/Contents/Developer/Platforms/MacOSX.platform/Developer/usr/bin/swift-plugin-server -external-plugin-path /Applications/Xcode.app/Contents/Developer/Platforms/MacOSX.platform/Developer/usr/local/lib/swift/host/plugins\#/Applications/Xcode.app/Contents/Developer/Platforms/MacOSX.platform/Developer/usr/bin/swift-plugin-server -plugin-path /Applications/Xcode.app/Contents/Developer/Toolchains/XcodeDefault.xctoolchain/usr/lib/swift/host/plugins -plugin-path /Applications/Xcode.app/Contents/Developer/Toolchains/XcodeDefault.xctoolchain/usr/local/lib/swift/host/plugins -enable-default-cmo -num-threads 10 -o /Users/mulgogi/src/rnp/swift-rnp/Swift-Rnp/Build/Intermediates/swift-rnp.build/Direct/MailSecurityEngine.build/Objects-normal/arm64/KeyManager.o -o /Users/mulgogi/src/rnp/swift-rnp/Swift-Rnp/Build/Intermediates/swift-rnp.build/Direct/MailSecurityEngine.build/Objects-normal/arm64/MailSecurityEngine.o -o /Users/mulgogi/src/rnp/swift-rnp/Swift-Rnp/Build/Intermediates/swift-rnp.build/Direct/MailSecurityEngine.build/Objects-normal/arm64/MessageDecoder.o -o /Users/mulgogi/src/rnp/swift-rnp/Swift-Rnp/Build/Intermediates/swift-rnp.build/Direct/MailSecurityEngine.build/Objects-normal/arm64/MessageEncoder.o -o /Users/mulgogi/src/rnp/swift-rnp/Swift-Rnp/Build/Intermediates/swift-rnp.build/Direct/MailSecurityEngine.build/Objects-normal/arm64/MimeMessage.o -index-unit-output-path /swift-rnp.build/Direct/MailSecurityEngine.build/Objects-normal/arm64/KeyManager.o -index-unit-output-path /swift-rnp.build/Direct/MailSecurityEngine.build/Objects-normal/arm64/MailSecurityEngine.o -index-unit-output-path /swift-rnp.build/Direct/MailSecurityEngine.build/Objects-normal/arm64/MessageDecoder.o -index-unit-output-path /swift-rnp.build/Direct/MailSecurityEngine.build/Objects-normal/arm64/MessageEncoder.o -index-unit-output-path /swift-rnp.build/Direct/MailSecurityEngine.build/Objects-normal/arm64/MimeMessage.o
CompileSwift normal arm64 (in target 'MailSecurityEngine' from project 'swift-rnp')
    cd /Users/mulgogi/src/rnp/swift-rnp
    /Applications/Xcode.app/Contents/Developer/Toolchains/XcodeDefault.xctoolchain/usr/bin/swift-frontend -c /Users/mulgogi/src/rnp/swift-rnp/Sources/MailSecurityEngine/KeyManager.swift /Users/mulgogi/src/rnp/swift-rnp/Sources/MailSecurityEngine/MailSecurityEngine.swift /Users/mulgogi/src/rnp/swift-rnp/Sources/MailSecurityEngine/MessageDecoder.swift /Users/mulgogi/src/rnp/swift-rnp/Sources/MailSecurityEngine/MessageEncoder.swift /Users/mulgogi/src/rnp/swift-rnp/Sources/MailSecurityEngine/MimeMessage.swift -supplementary-output-file-map /Users/mulgogi/src/rnp/swift-rnp/Swift-Rnp/Build/Intermediates/swift-rnp.build/Direct/MailSecurityEngine.build/Objects-normal/arm64/supplementaryOutputs-3 -target arm64-apple-macos12.0 -Xllvm -aarch64-use-tbi -enable-objc-interop -stack-check -sdk /Applications/Xcode.app/Contents/Developer/Platforms/MacOSX.platform/Developer/SDKs/MacOSX14.0.sdk -I /Users/mulgogi/src/rnp/swift-rnp/Vendor/RNPFramework.xcframework/macos-arm64_x86_64/RNPFramework.framework/Headers -I /Users/mulgogi/src/rnp/swift-rnp/Swift-Rnp/Build/Products/Direct -I /Applications/Xcode.app/Contents/Developer/Platforms/MacOSX.platform/Developer/usr/lib -F /Users/mulgogi/src/rnp/swift-rnp/Swift-Rnp/Build/Products/Direct/PackageFrameworks -F /Users/mulgogi/src/rnp/swift-rnp/Swift-Rnp/Build/Products/Direct -F /Applications/Xcode.app/Contents/Developer/Platforms/MacOSX.platform/Developer/Library/Frameworks -no-color-diagnostics -g -module-cache-path /Users/mulgogi/Library/Developer/Xcode/DerivedData/ModuleCache.noindex -swift-version 5 -enforce-exclusivity\=checked -O -D SWIFT_PACKAGE -D Xcode -serialize-debugging-options -package-name swift_rnp -const-gather-protocols-file /Users/mulgogi/src/rnp/swift-rnp/Swift-Rnp/Build/Intermediates/swift-rnp.build/Direct/MailSecurityEngine.build/Objects-normal/arm64/MailSecurityEngine_const_extract_protocols.json -empty-abi-descriptor -validate-clang-modules-once -clang-build-session-file /Users/mulgogi/Library/Developer/Xcode/DerivedData/ModuleCache.noindex/Session.modulevalidation -Xcc -working-directory -Xcc /Users/mulgogi/src/rnp/swift-rnp -resource-dir /Applications/Xcode.app/Contents/Developer/Toolchains/XcodeDefault.xctoolchain/usr/lib/swift -Xcc -fmodule-map-file\=/Users/mulgogi/src/rnp/swift-rnp/Sources/CRnp/module.modulemap -Xcc -I/Users/mulgogi/src/rnp/swift-rnp/Swift-Rnp/Build/Intermediates/swift-rnp.build/Direct/MailSecurityEngine.build/swift-overrides.hmap -Xcc -I/Users/mulgogi/src/rnp/swift-rnp/Swift-Rnp/Build/Products/Direct/include -Xcc -I/Users/mulgogi/src/rnp/swift-rnp/Swift-Rnp/Build/Intermediates/swift-rnp.build/Direct/MailSecurityEngine.build/DerivedSources-normal/arm64 -Xcc -I/Users/mulgogi/src/rnp/swift-rnp/Swift-Rnp/Build/Intermediates/swift-rnp.build/Direct/MailSecurityEngine.build/DerivedSources/arm64 -Xcc -I/Users/mulgogi/src/rnp/swift-rnp/Swift-Rnp/Build/Intermediates/swift-rnp.build/Direct/MailSecurityEngine.build/DerivedSources -Xcc -DSWIFT_PACKAGE -module-name MailSecurityEngine -frontend-parseable-output -disable-clang-spi -target-sdk-version 14.0 -target-sdk-name macosx14.0 -external-plugin-path /Applications/Xcode.app/Contents/Developer/Platforms/MacOSX.platform/Developer/SDKs/MacOSX14.0.sdk/usr/lib/swift/host/plugins\#/Applications/Xcode.app/Contents/Developer/Platforms/MacOSX.platform/Developer/SDKs/MacOSX14.0.sdk/usr/bin/swift-plugin-server -external-plugin-path /Applications/Xcode.app/Contents/Developer/Platforms/MacOSX.platform/Developer/SDKs/MacOSX14.0.sdk/usr/local/lib/swift/host/plugins\#/Applications/Xcode.app/Contents/Developer/Platforms/MacOSX.platform/Developer/SDKs/MacOSX14.0.sdk/usr/bin/swift-plugin-server -external-plugin-path /Applications/Xcode.app/Contents/Developer/Platforms/MacOSX.platform/Developer/usr/lib/swift/host/plugins\#/Applications/Xcode.app/Contents/Developer/Platforms/MacOSX.platform/Developer/usr/bin/swift-plugin-server -external-plugin-path /Applications/Xcode.app/Contents/Developer/Platforms/MacOSX.platform/Developer/usr/local/lib/swift/host/plugins\#/Applications/Xcode.app/Contents/Developer/Platforms/MacOSX.platform/Developer/usr/bin/swift-plugin-server -plugin-path /Applications/Xcode.app/Contents/Developer/Toolchains/XcodeDefault.xctoolchain/usr/lib/swift/host/plugins -plugin-path /Applications/Xcode.app/Contents/Developer/Toolchains/XcodeDefault.xctoolchain/usr/local/lib/swift/host/plugins -enable-default-cmo -num-threads 10 -o /Users/mulgogi/src/rnp/swift-rnp/Swift-Rnp/Build/Intermediates/swift-rnp.build/Direct/MailSecurityEngine.build/Objects-normal/arm64/KeyManager.o -o /Users/mulgogi/src/rnp/swift-rnp/Swift-Rnp/Build/Intermediates/swift-rnp.build/Direct/MailSecurityEngine.build/Objects-normal/arm64/MailSecurityEngine.o -o /Users/mulgogi/src/rnp/swift-rnp/Swift-Rnp/Build/Intermediates/swift-rnp.build/Direct/MailSecurityEngine.build/Objects-normal/arm64/MessageDecoder.o -o /Users/mulgogi/src/rnp/swift-rnp/Swift-Rnp/Build/Intermediates/swift-rnp.build/Direct/MailSecurityEngine.build/Objects-normal/arm64/MessageEncoder.o -o /Users/mulgogi/src/rnp/swift-rnp/Swift-Rnp/Build/Intermediates/swift-rnp.build/Direct/MailSecurityEngine.build/Objects-normal/arm64/MimeMessage.o -index-unit-output-path /swift-rnp.build/Direct/MailSecurityEngine.build/Objects-normal/arm64/KeyManager.o -index-unit-output-path /swift-rnp.build/Direct/MailSecurityEngine.build/Objects-normal/arm64/MailSecurityEngine.o -index-unit-output-path /swift-rnp.build/Direct/MailSecurityEngine.build/Objects-normal/arm64/MessageDecoder.o -index-unit-output-path /swift-rnp.build/Direct/MailSecurityEngine.build/Objects-normal/arm64/MessageEncoder.o -index-unit-output-path /swift-rnp.build/Direct/MailSecurityEngine.build/Objects-normal/arm64/MimeMessage.o

SwiftCompile normal x86_64 Compiling\ KeyManager.swift,\ MailSecurityEngine.swift,\ MessageDecoder.swift,\ MessageEncoder.swift,\ MimeMessage.swift /Users/mulgogi/src/rnp/swift-rnp/Sources/MailSecurityEngine/KeyManager.swift /Users/mulgogi/src/rnp/swift-rnp/Sources/MailSecurityEngine/MailSecurityEngine.swift /Users/mulgogi/src/rnp/swift-rnp/Sources/MailSecurityEngine/MessageDecoder.swift /Users/mulgogi/src/rnp/swift-rnp/Sources/MailSecurityEngine/MessageEncoder.swift /Users/mulgogi/src/rnp/swift-rnp/Sources/MailSecurityEngine/MimeMessage.swift (in target 'MailSecurityEngine' from project 'swift-rnp')
    cd /Users/mulgogi/src/rnp/swift-rnp
    builtin-swiftTaskExecution -- /Applications/Xcode.app/Contents/Developer/Toolchains/XcodeDefault.xctoolchain/usr/bin/swift-frontend -frontend -c /Users/mulgogi/src/rnp/swift-rnp/Sources/MailSecurityEngine/KeyManager.swift /Users/mulgogi/src/rnp/swift-rnp/Sources/MailSecurityEngine/MailSecurityEngine.swift /Users/mulgogi/src/rnp/swift-rnp/Sources/MailSecurityEngine/MessageDecoder.swift /Users/mulgogi/src/rnp/swift-rnp/Sources/MailSecurityEngine/MessageEncoder.swift /Users/mulgogi/src/rnp/swift-rnp/Sources/MailSecurityEngine/MimeMessage.swift -supplementary-output-file-map /Users/mulgogi/src/rnp/swift-rnp/Swift-Rnp/Build/Intermediates/swift-rnp.build/Direct/MailSecurityEngine.build/Objects-normal/x86_64/supplementaryOutputs-4 -target x86_64-apple-macos12.0 -enable-objc-interop -stack-check -sdk /Applications/Xcode.app/Contents/Developer/Platforms/MacOSX.platform/Developer/SDKs/MacOSX14.0.sdk -I /Users/mulgogi/src/rnp/swift-rnp/Vendor/RNPFramework.xcframework/macos-arm64_x86_64/RNPFramework.framework/Headers -I /Users/mulgogi/src/rnp/swift-rnp/Swift-Rnp/Build/Products/Direct -I /Applications/Xcode.app/Contents/Developer/Platforms/MacOSX.platform/Developer/usr/lib -F /Users/mulgogi/src/rnp/swift-rnp/Swift-Rnp/Build/Products/Direct/PackageFrameworks -F /Users/mulgogi/src/rnp/swift-rnp/Swift-Rnp/Build/Products/Direct -F /Applications/Xcode.app/Contents/Developer/Platforms/MacOSX.platform/Developer/Library/Frameworks -no-color-diagnostics -g -module-cache-path /Users/mulgogi/Library/Developer/Xcode/DerivedData/ModuleCache.noindex -swift-version 5 -enforce-exclusivity\=checked -O -D SWIFT_PACKAGE -D Xcode -serialize-debugging-options -package-name swift_rnp -const-gather-protocols-file /Users/mulgogi/src/rnp/swift-rnp/Swift-Rnp/Build/Intermediates/swift-rnp.build/Direct/MailSecurityEngine.build/Objects-normal/x86_64/MailSecurityEngine_const_extract_protocols.json -empty-abi-descriptor -validate-clang-modules-once -clang-build-session-file /Users/mulgogi/Library/Developer/Xcode/DerivedData/ModuleCache.noindex/Session.modulevalidation -Xcc -working-directory -Xcc /Users/mulgogi/src/rnp/swift-rnp -resource-dir /Applications/Xcode.app/Contents/Developer/Toolchains/XcodeDefault.xctoolchain/usr/lib/swift -Xcc -fmodule-map-file\=/Users/mulgogi/src/rnp/swift-rnp/Sources/CRnp/module.modulemap -Xcc -I/Users/mulgogi/src/rnp/swift-rnp/Swift-Rnp/Build/Intermediates/swift-rnp.build/Direct/MailSecurityEngine.build/swift-overrides.hmap -Xcc -I/Users/mulgogi/src/rnp/swift-rnp/Swift-Rnp/Build/Products/Direct/include -Xcc -I/Users/mulgogi/src/rnp/swift-rnp/Swift-Rnp/Build/Intermediates/swift-rnp.build/Direct/MailSecurityEngine.build/DerivedSources-normal/x86_64 -Xcc -I/Users/mulgogi/src/rnp/swift-rnp/Swift-Rnp/Build/Intermediates/swift-rnp.build/Direct/MailSecurityEngine.build/DerivedSources/x86_64 -Xcc -I/Users/mulgogi/src/rnp/swift-rnp/Swift-Rnp/Build/Intermediates/swift-rnp.build/Direct/MailSecurityEngine.build/DerivedSources -Xcc -DSWIFT_PACKAGE -module-name MailSecurityEngine -frontend-parseable-output -disable-clang-spi -target-sdk-version 14.0 -target-sdk-name macosx14.0 -external-plugin-path /Applications/Xcode.app/Contents/Developer/Platforms/MacOSX.platform/Developer/SDKs/MacOSX14.0.sdk/usr/lib/swift/host/plugins\#/Applications/Xcode.app/Contents/Developer/Platforms/MacOSX.platform/Developer/SDKs/MacOSX14.0.sdk/usr/bin/swift-plugin-server -external-plugin-path /Applications/Xcode.app/Contents/Developer/Platforms/MacOSX.platform/Developer/SDKs/MacOSX14.0.sdk/usr/local/lib/swift/host/plugins\#/Applications/Xcode.app/Contents/Developer/Platforms/MacOSX.platform/Developer/SDKs/MacOSX14.0.sdk/usr/bin/swift-plugin-server -external-plugin-path /Applications/Xcode.app/Contents/Developer/Platforms/MacOSX.platform/Developer/usr/lib/swift/host/plugins\#/Applications/Xcode.app/Contents/Developer/Platforms/MacOSX.platform/Developer/usr/bin/swift-plugin-server -external-plugin-path /Applications/Xcode.app/Contents/Developer/Platforms/MacOSX.platform/Developer/usr/local/lib/swift/host/plugins\#/Applications/Xcode.app/Contents/Developer/Platforms/MacOSX.platform/Developer/usr/bin/swift-plugin-server -plugin-path /Applications/Xcode.app/Contents/Developer/Toolchains/XcodeDefault.xctoolchain/usr/lib/swift/host/plugins -plugin-path /Applications/Xcode.app/Contents/Developer/Toolchains/XcodeDefault.xctoolchain/usr/local/lib/swift/host/plugins -enable-default-cmo -num-threads 10 -o /Users/mulgogi/src/rnp/swift-rnp/Swift-Rnp/Build/Intermediates/swift-rnp.build/Direct/MailSecurityEngine.build/Objects-normal/x86_64/KeyManager.o -o /Users/mulgogi/src/rnp/swift-rnp/Swift-Rnp/Build/Intermediates/swift-rnp.build/Direct/MailSecurityEngine.build/Objects-normal/x86_64/MailSecurityEngine.o -o /Users/mulgogi/src/rnp/swift-rnp/Swift-Rnp/Build/Intermediates/swift-rnp.build/Direct/MailSecurityEngine.build/Objects-normal/x86_64/MessageDecoder.o -o /Users/mulgogi/src/rnp/swift-rnp/Swift-Rnp/Build/Intermediates/swift-rnp.build/Direct/MailSecurityEngine.build/Objects-normal/x86_64/MessageEncoder.o -o /Users/mulgogi/src/rnp/swift-rnp/Swift-Rnp/Build/Intermediates/swift-rnp.build/Direct/MailSecurityEngine.build/Objects-normal/x86_64/MimeMessage.o -index-unit-output-path /swift-rnp.build/Direct/MailSecurityEngine.build/Objects-normal/x86_64/KeyManager.o -index-unit-output-path /swift-rnp.build/Direct/MailSecurityEngine.build/Objects-normal/x86_64/MailSecurityEngine.o -index-unit-output-path /swift-rnp.build/Direct/MailSecurityEngine.build/Objects-normal/x86_64/MessageDecoder.o -index-unit-output-path /swift-rnp.build/Direct/MailSecurityEngine.build/Objects-normal/x86_64/MessageEncoder.o -index-unit-output-path /swift-rnp.build/Direct/MailSecurityEngine.build/Objects-normal/x86_64/MimeMessage.o
CompileSwift normal x86_64 (in target 'MailSecurityEngine' from project 'swift-rnp')
    cd /Users/mulgogi/src/rnp/swift-rnp
    /Applications/Xcode.app/Contents/Developer/Toolchains/XcodeDefault.xctoolchain/usr/bin/swift-frontend -c /Users/mulgogi/src/rnp/swift-rnp/Sources/MailSecurityEngine/KeyManager.swift /Users/mulgogi/src/rnp/swift-rnp/Sources/MailSecurityEngine/MailSecurityEngine.swift /Users/mulgogi/src/rnp/swift-rnp/Sources/MailSecurityEngine/MessageDecoder.swift /Users/mulgogi/src/rnp/swift-rnp/Sources/MailSecurityEngine/MessageEncoder.swift /Users/mulgogi/src/rnp/swift-rnp/Sources/MailSecurityEngine/MimeMessage.swift -supplementary-output-file-map /Users/mulgogi/src/rnp/swift-rnp/Swift-Rnp/Build/Intermediates/swift-rnp.build/Direct/MailSecurityEngine.build/Objects-normal/x86_64/supplementaryOutputs-4 -target x86_64-apple-macos12.0 -enable-objc-interop -stack-check -sdk /Applications/Xcode.app/Contents/Developer/Platforms/MacOSX.platform/Developer/SDKs/MacOSX14.0.sdk -I /Users/mulgogi/src/rnp/swift-rnp/Vendor/RNPFramework.xcframework/macos-arm64_x86_64/RNPFramework.framework/Headers -I /Users/mulgogi/src/rnp/swift-rnp/Swift-Rnp/Build/Products/Direct -I /Applications/Xcode.app/Contents/Developer/Platforms/MacOSX.platform/Developer/usr/lib -F /Users/mulgogi/src/rnp/swift-rnp/Swift-Rnp/Build/Products/Direct/PackageFrameworks -F /Users/mulgogi/src/rnp/swift-rnp/Swift-Rnp/Build/Products/Direct -F /Applications/Xcode.app/Contents/Developer/Platforms/MacOSX.platform/Developer/Library/Frameworks -no-color-diagnostics -g -module-cache-path /Users/mulgogi/Library/Developer/Xcode/DerivedData/ModuleCache.noindex -swift-version 5 -enforce-exclusivity\=checked -O -D SWIFT_PACKAGE -D Xcode -serialize-debugging-options -package-name swift_rnp -const-gather-protocols-file /Users/mulgogi/src/rnp/swift-rnp/Swift-Rnp/Build/Intermediates/swift-rnp.build/Direct/MailSecurityEngine.build/Objects-normal/x86_64/MailSecurityEngine_const_extract_protocols.json -empty-abi-descriptor -validate-clang-modules-once -clang-build-session-file /Users/mulgogi/Library/Developer/Xcode/DerivedData/ModuleCache.noindex/Session.modulevalidation -Xcc -working-directory -Xcc /Users/mulgogi/src/rnp/swift-rnp -resource-dir /Applications/Xcode.app/Contents/Developer/Toolchains/XcodeDefault.xctoolchain/usr/lib/swift -Xcc -fmodule-map-file\=/Users/mulgogi/src/rnp/swift-rnp/Sources/CRnp/module.modulemap -Xcc -I/Users/mulgogi/src/rnp/swift-rnp/Swift-Rnp/Build/Intermediates/swift-rnp.build/Direct/MailSecurityEngine.build/swift-overrides.hmap -Xcc -I/Users/mulgogi/src/rnp/swift-rnp/Swift-Rnp/Build/Products/Direct/include -Xcc -I/Users/mulgogi/src/rnp/swift-rnp/Swift-Rnp/Build/Intermediates/swift-rnp.build/Direct/MailSecurityEngine.build/DerivedSources-normal/x86_64 -Xcc -I/Users/mulgogi/src/rnp/swift-rnp/Swift-Rnp/Build/Intermediates/swift-rnp.build/Direct/MailSecurityEngine.build/DerivedSources/x86_64 -Xcc -I/Users/mulgogi/src/rnp/swift-rnp/Swift-Rnp/Build/Intermediates/swift-rnp.build/Direct/MailSecurityEngine.build/DerivedSources -Xcc -DSWIFT_PACKAGE -module-name MailSecurityEngine -frontend-parseable-output -disable-clang-spi -target-sdk-version 14.0 -target-sdk-name macosx14.0 -external-plugin-path /Applications/Xcode.app/Contents/Developer/Platforms/MacOSX.platform/Developer/SDKs/MacOSX14.0.sdk/usr/lib/swift/host/plugins\#/Applications/Xcode.app/Contents/Developer/Platforms/MacOSX.platform/Developer/SDKs/MacOSX14.0.sdk/usr/bin/swift-plugin-server -external-plugin-path /Applications/Xcode.app/Contents/Developer/Platforms/MacOSX.platform/Developer/SDKs/MacOSX14.0.sdk/usr/local/lib/swift/host/plugins\#/Applications/Xcode.app/Contents/Developer/Platforms/MacOSX.platform/Developer/SDKs/MacOSX14.0.sdk/usr/bin/swift-plugin-server -external-plugin-path /Applications/Xcode.app/Contents/Developer/Platforms/MacOSX.platform/Developer/usr/lib/swift/host/plugins\#/Applications/Xcode.app/Contents/Developer/Platforms/MacOSX.platform/Developer/usr/bin/swift-plugin-server -external-plugin-path /Applications/Xcode.app/Contents/Developer/Platforms/MacOSX.platform/Developer/usr/local/lib/swift/host/plugins\#/Applications/Xcode.app/Contents/Developer/Platforms/MacOSX.platform/Developer/usr/bin/swift-plugin-server -plugin-path /Applications/Xcode.app/Contents/Developer/Toolchains/XcodeDefault.xctoolchain/usr/lib/swift/host/plugins -plugin-path /Applications/Xcode.app/Contents/Developer/Toolchains/XcodeDefault.xctoolchain/usr/local/lib/swift/host/plugins -enable-default-cmo -num-threads 10 -o /Users/mulgogi/src/rnp/swift-rnp/Swift-Rnp/Build/Intermediates/swift-rnp.build/Direct/MailSecurityEngine.build/Objects-normal/x86_64/KeyManager.o -o /Users/mulgogi/src/rnp/swift-rnp/Swift-Rnp/Build/Intermediates/swift-rnp.build/Direct/MailSecurityEngine.build/Objects-normal/x86_64/MailSecurityEngine.o -o /Users/mulgogi/src/rnp/swift-rnp/Swift-Rnp/Build/Intermediates/swift-rnp.build/Direct/MailSecurityEngine.build/Objects-normal/x86_64/MessageDecoder.o -o /Users/mulgogi/src/rnp/swift-rnp/Swift-Rnp/Build/Intermediates/swift-rnp.build/Direct/MailSecurityEngine.build/Objects-normal/x86_64/MessageEncoder.o -o /Users/mulgogi/src/rnp/swift-rnp/Swift-Rnp/Build/Intermediates/swift-rnp.build/Direct/MailSecurityEngine.build/Objects-normal/x86_64/MimeMessage.o -index-unit-output-path /swift-rnp.build/Direct/MailSecurityEngine.build/Objects-normal/x86_64/KeyManager.o -index-unit-output-path /swift-rnp.build/Direct/MailSecurityEngine.build/Objects-normal/x86_64/MailSecurityEngine.o -index-unit-output-path /swift-rnp.build/Direct/MailSecurityEngine.build/Objects-normal/x86_64/MessageDecoder.o -index-unit-output-path /swift-rnp.build/Direct/MailSecurityEngine.build/Objects-normal/x86_64/MessageEncoder.o -index-unit-output-path /swift-rnp.build/Direct/MailSecurityEngine.build/Objects-normal/x86_64/MimeMessage.o

CreateUniversalBinary /Users/mulgogi/src/rnp/swift-rnp/Swift-Rnp/Build/Products/Direct/Rnp.o normal arm64\ x86_64 (in target 'Rnp' from project 'swift-rnp')
    cd /Users/mulgogi/src/rnp/swift-rnp
    /Applications/Xcode.app/Contents/Developer/Toolchains/XcodeDefault.xctoolchain/usr/bin/lipo -create /Users/mulgogi/src/rnp/swift-rnp/Swift-Rnp/Build/Intermediates/swift-rnp.build/Direct/Rnp.build/Objects-normal/arm64/Binary/Rnp.o /Users/mulgogi/src/rnp/swift-rnp/Swift-Rnp/Build/Intermediates/swift-rnp.build/Direct/Rnp.build/Objects-normal/x86_64/Binary/Rnp.o -output /Users/mulgogi/src/rnp/swift-rnp/Swift-Rnp/Build/Products/Direct/Rnp.o

RegisterExecutionPolicyException /Users/mulgogi/src/rnp/swift-rnp/Swift-Rnp/Build/Products/Direct/Rnp.o (in target 'Rnp' from project 'swift-rnp')
    cd /Users/mulgogi/src/rnp/swift-rnp
    builtin-RegisterExecutionPolicyException /Users/mulgogi/src/rnp/swift-rnp/Swift-Rnp/Build/Products/Direct/Rnp.o

WriteAuxiliaryFile /Users/mulgogi/src/rnp/swift-rnp/Swift-Rnp/Build/Intermediates/swift-rnp.build/Direct/MailSecurityEngine.build/Objects-normal/x86_64/MailSecurityEngine.LinkFileList (in target 'MailSecurityEngine' from project 'swift-rnp')
    cd /Users/mulgogi/src/rnp/swift-rnp
    write-file /Users/mulgogi/src/rnp/swift-rnp/Swift-Rnp/Build/Intermediates/swift-rnp.build/Direct/MailSecurityEngine.build/Objects-normal/x86_64/MailSecurityEngine.LinkFileList

WriteAuxiliaryFile /Users/mulgogi/src/rnp/swift-rnp/Swift-Rnp/Build/Intermediates/swift-rnp.build/Direct/MailSecurityEngine.build/Objects-normal/arm64/MailSecurityEngine.LinkFileList (in target 'MailSecurityEngine' from project 'swift-rnp')
    cd /Users/mulgogi/src/rnp/swift-rnp
    write-file /Users/mulgogi/src/rnp/swift-rnp/Swift-Rnp/Build/Intermediates/swift-rnp.build/Direct/MailSecurityEngine.build/Objects-normal/arm64/MailSecurityEngine.LinkFileList

SwiftDriverJobDiscovery normal arm64 Compiling KeyManager.swift, MailSecurityEngine.swift, MessageDecoder.swift, MessageEncoder.swift, MimeMessage.swift (in target 'MailSecurityEngine' from project 'swift-rnp')

SwiftDriver\ Compilation\ Requirements MailSecurityEngine normal arm64 com.apple.xcode.tools.swift.compiler (in target 'MailSecurityEngine' from project 'swift-rnp')
    cd /Users/mulgogi/src/rnp/swift-rnp
    builtin-Swift-Compilation-Requirements -- /Applications/Xcode.app/Contents/Developer/Toolchains/XcodeDefault.xctoolchain/usr/bin/swiftc -module-name MailSecurityEngine -O -whole-module-optimization -enforce-exclusivity\=checked @/Users/mulgogi/src/rnp/swift-rnp/Swift-Rnp/Build/Intermediates/swift-rnp.build/Direct/MailSecurityEngine.build/Objects-normal/arm64/MailSecurityEngine.SwiftFileList -DSWIFT_PACKAGE -Xcc -fmodule-map-file\=/Users/mulgogi/src/rnp/swift-rnp/Sources/CRnp/module.modulemap -DXcode -I/Users/mulgogi/src/rnp/swift-rnp/Vendor/RNPFramework.xcframework/macos-arm64_x86_64/RNPFramework.framework/Headers -sdk /Applications/Xcode.app/Contents/Developer/Platforms/MacOSX.platform/Developer/SDKs/MacOSX14.0.sdk -target arm64-apple-macos12.0 -g -module-cache-path /Users/mulgogi/Library/Developer/Xcode/DerivedData/ModuleCache.noindex -Xfrontend -serialize-debugging-options -swift-version 5 -I /Users/mulgogi/src/rnp/swift-rnp/Swift-Rnp/Build/Products/Direct -I /Applications/Xcode.app/Contents/Developer/Platforms/MacOSX.platform/Developer/usr/lib -F /Users/mulgogi/src/rnp/swift-rnp/Swift-Rnp/Build/Products/Direct/PackageFrameworks -F /Users/mulgogi/src/rnp/swift-rnp/Swift-Rnp/Build/Products/Direct -F /Applications/Xcode.app/Contents/Developer/Platforms/MacOSX.platform/Developer/Library/Frameworks -c -num-threads 10 -output-file-map /Users/mulgogi/src/rnp/swift-rnp/Swift-Rnp/Build/Intermediates/swift-rnp.build/Direct/MailSecurityEngine.build/Objects-normal/arm64/MailSecurityEngine-OutputFileMap.json -use-frontend-parseable-output -save-temps -no-color-diagnostics -serialize-diagnostics -emit-dependencies -emit-module -emit-module-path /Users/mulgogi/src/rnp/swift-rnp/Swift-Rnp/Build/Intermediates/swift-rnp.build/Direct/MailSecurityEngine.build/Objects-normal/arm64/MailSecurityEngine.swiftmodule -validate-clang-modules-once -clang-build-session-file /Users/mulgogi/Library/Developer/Xcode/DerivedData/ModuleCache.noindex/Session.modulevalidation -Xfrontend -package-name -Xfrontend swift_rnp -Xcc -I/Users/mulgogi/src/rnp/swift-rnp/Swift-Rnp/Build/Intermediates/swift-rnp.build/Direct/MailSecurityEngine.build/swift-overrides.hmap -emit-const-values -Xfrontend -const-gather-protocols-file -Xfrontend /Users/mulgogi/src/rnp/swift-rnp/Swift-Rnp/Build/Intermediates/swift-rnp.build/Direct/MailSecurityEngine.build/Objects-normal/arm64/MailSecurityEngine_const_extract_protocols.json -Xcc -I/Users/mulgogi/src/rnp/swift-rnp/Swift-Rnp/Build/Products/Direct/include -Xcc -I/Users/mulgogi/src/rnp/swift-rnp/Swift-Rnp/Build/Intermediates/swift-rnp.build/Direct/MailSecurityEngine.build/DerivedSources-normal/arm64 -Xcc -I/Users/mulgogi/src/rnp/swift-rnp/Swift-Rnp/Build/Intermediates/swift-rnp.build/Direct/MailSecurityEngine.build/DerivedSources/arm64 -Xcc -I/Users/mulgogi/src/rnp/swift-rnp/Swift-Rnp/Build/Intermediates/swift-rnp.build/Direct/MailSecurityEngine.build/DerivedSources -Xcc -DSWIFT_PACKAGE -emit-objc-header -emit-objc-header-path /Users/mulgogi/src/rnp/swift-rnp/Swift-Rnp/Build/Intermediates/swift-rnp.build/Direct/MailSecurityEngine.build/Objects-normal/arm64/MailSecurityEngine-Swift.h -working-directory /Users/mulgogi/src/rnp/swift-rnp -no-emit-module-separately-wmo

Copy /Users/mulgogi/src/rnp/swift-rnp/Swift-Rnp/Build/Products/Direct/MailSecurityEngine.swiftmodule/arm64-apple-macos.abi.json /Users/mulgogi/src/rnp/swift-rnp/Swift-Rnp/Build/Intermediates/swift-rnp.build/Direct/MailSecurityEngine.build/Objects-normal/arm64/MailSecurityEngine.abi.json (in target 'MailSecurityEngine' from project 'swift-rnp')
    cd /Users/mulgogi/src/rnp/swift-rnp
    builtin-copy -exclude .DS_Store -exclude CVS -exclude .svn -exclude .git -exclude .hg -strip-unsigned-binaries -strip-deterministic -strip-tool /Applications/Xcode.app/Contents/Developer/Toolchains/XcodeDefault.xctoolchain/usr/bin/strip -resolve-src-symlinks -rename /Users/mulgogi/src/rnp/swift-rnp/Swift-Rnp/Build/Intermediates/swift-rnp.build/Direct/MailSecurityEngine.build/Objects-normal/arm64/MailSecurityEngine.abi.json /Users/mulgogi/src/rnp/swift-rnp/Swift-Rnp/Build/Products/Direct/MailSecurityEngine.swiftmodule/arm64-apple-macos.abi.json

Copy /Users/mulgogi/src/rnp/swift-rnp/Swift-Rnp/Build/Products/Direct/MailSecurityEngine.swiftmodule/arm64-apple-macos.swiftmodule /Users/mulgogi/src/rnp/swift-rnp/Swift-Rnp/Build/Intermediates/swift-rnp.build/Direct/MailSecurityEngine.build/Objects-normal/arm64/MailSecurityEngine.swiftmodule (in target 'MailSecurityEngine' from project 'swift-rnp')
    cd /Users/mulgogi/src/rnp/swift-rnp
    builtin-copy -exclude .DS_Store -exclude CVS -exclude .svn -exclude .git -exclude .hg -strip-unsigned-binaries -strip-deterministic -strip-tool /Applications/Xcode.app/Contents/Developer/Toolchains/XcodeDefault.xctoolchain/usr/bin/strip -resolve-src-symlinks -rename /Users/mulgogi/src/rnp/swift-rnp/Swift-Rnp/Build/Intermediates/swift-rnp.build/Direct/MailSecurityEngine.build/Objects-normal/arm64/MailSecurityEngine.swiftmodule /Users/mulgogi/src/rnp/swift-rnp/Swift-Rnp/Build/Products/Direct/MailSecurityEngine.swiftmodule/arm64-apple-macos.swiftmodule

Copy /Users/mulgogi/src/rnp/swift-rnp/Swift-Rnp/Build/Products/Direct/MailSecurityEngine.swiftmodule/arm64-apple-macos.swiftdoc /Users/mulgogi/src/rnp/swift-rnp/Swift-Rnp/Build/Intermediates/swift-rnp.build/Direct/MailSecurityEngine.build/Objects-normal/arm64/MailSecurityEngine.swiftdoc (in target 'MailSecurityEngine' from project 'swift-rnp')
    cd /Users/mulgogi/src/rnp/swift-rnp
    builtin-copy -exclude .DS_Store -exclude CVS -exclude .svn -exclude .git -exclude .hg -strip-unsigned-binaries -strip-deterministic -strip-tool /Applications/Xcode.app/Contents/Developer/Toolchains/XcodeDefault.xctoolchain/usr/bin/strip -resolve-src-symlinks -rename /Users/mulgogi/src/rnp/swift-rnp/Swift-Rnp/Build/Intermediates/swift-rnp.build/Direct/MailSecurityEngine.build/Objects-normal/arm64/MailSecurityEngine.swiftdoc /Users/mulgogi/src/rnp/swift-rnp/Swift-Rnp/Build/Products/Direct/MailSecurityEngine.swiftmodule/arm64-apple-macos.swiftdoc

Copy /Users/mulgogi/src/rnp/swift-rnp/Swift-Rnp/Build/Products/Direct/MailSecurityEngine.swiftmodule/Project/arm64-apple-macos.swiftsourceinfo /Users/mulgogi/src/rnp/swift-rnp/Swift-Rnp/Build/Intermediates/swift-rnp.build/Direct/MailSecurityEngine.build/Objects-normal/arm64/MailSecurityEngine.swiftsourceinfo (in target 'MailSecurityEngine' from project 'swift-rnp')
    cd /Users/mulgogi/src/rnp/swift-rnp
    builtin-copy -exclude .DS_Store -exclude CVS -exclude .svn -exclude .git -exclude .hg -strip-unsigned-binaries -strip-deterministic -strip-tool /Applications/Xcode.app/Contents/Developer/Toolchains/XcodeDefault.xctoolchain/usr/bin/strip -resolve-src-symlinks -rename /Users/mulgogi/src/rnp/swift-rnp/Swift-Rnp/Build/Intermediates/swift-rnp.build/Direct/MailSecurityEngine.build/Objects-normal/arm64/MailSecurityEngine.swiftsourceinfo /Users/mulgogi/src/rnp/swift-rnp/Swift-Rnp/Build/Products/Direct/MailSecurityEngine.swiftmodule/Project/arm64-apple-macos.swiftsourceinfo

SwiftDriverJobDiscovery normal x86_64 Compiling KeyManager.swift, MailSecurityEngine.swift, MessageDecoder.swift, MessageEncoder.swift, MimeMessage.swift (in target 'MailSecurityEngine' from project 'swift-rnp')

SwiftDriver\ Compilation\ Requirements MailSecurityEngine normal x86_64 com.apple.xcode.tools.swift.compiler (in target 'MailSecurityEngine' from project 'swift-rnp')
    cd /Users/mulgogi/src/rnp/swift-rnp
    builtin-Swift-Compilation-Requirements -- /Applications/Xcode.app/Contents/Developer/Toolchains/XcodeDefault.xctoolchain/usr/bin/swiftc -module-name MailSecurityEngine -O -whole-module-optimization -enforce-exclusivity\=checked @/Users/mulgogi/src/rnp/swift-rnp/Swift-Rnp/Build/Intermediates/swift-rnp.build/Direct/MailSecurityEngine.build/Objects-normal/x86_64/MailSecurityEngine.SwiftFileList -DSWIFT_PACKAGE -Xcc -fmodule-map-file\=/Users/mulgogi/src/rnp/swift-rnp/Sources/CRnp/module.modulemap -DXcode -I/Users/mulgogi/src/rnp/swift-rnp/Vendor/RNPFramework.xcframework/macos-arm64_x86_64/RNPFramework.framework/Headers -sdk /Applications/Xcode.app/Contents/Developer/Platforms/MacOSX.platform/Developer/SDKs/MacOSX14.0.sdk -target x86_64-apple-macos12.0 -g -module-cache-path /Users/mulgogi/Library/Developer/Xcode/DerivedData/ModuleCache.noindex -Xfrontend -serialize-debugging-options -swift-version 5 -I /Users/mulgogi/src/rnp/swift-rnp/Swift-Rnp/Build/Products/Direct -I /Applications/Xcode.app/Contents/Developer/Platforms/MacOSX.platform/Developer/usr/lib -F /Users/mulgogi/src/rnp/swift-rnp/Swift-Rnp/Build/Products/Direct/PackageFrameworks -F /Users/mulgogi/src/rnp/swift-rnp/Swift-Rnp/Build/Products/Direct -F /Applications/Xcode.app/Contents/Developer/Platforms/MacOSX.platform/Developer/Library/Frameworks -c -num-threads 10 -output-file-map /Users/mulgogi/src/rnp/swift-rnp/Swift-Rnp/Build/Intermediates/swift-rnp.build/Direct/MailSecurityEngine.build/Objects-normal/x86_64/MailSecurityEngine-OutputFileMap.json -use-frontend-parseable-output -save-temps -no-color-diagnostics -serialize-diagnostics -emit-dependencies -emit-module -emit-module-path /Users/mulgogi/src/rnp/swift-rnp/Swift-Rnp/Build/Intermediates/swift-rnp.build/Direct/MailSecurityEngine.build/Objects-normal/x86_64/MailSecurityEngine.swiftmodule -validate-clang-modules-once -clang-build-session-file /Users/mulgogi/Library/Developer/Xcode/DerivedData/ModuleCache.noindex/Session.modulevalidation -Xfrontend -package-name -Xfrontend swift_rnp -Xcc -I/Users/mulgogi/src/rnp/swift-rnp/Swift-Rnp/Build/Intermediates/swift-rnp.build/Direct/MailSecurityEngine.build/swift-overrides.hmap -emit-const-values -Xfrontend -const-gather-protocols-file -Xfrontend /Users/mulgogi/src/rnp/swift-rnp/Swift-Rnp/Build/Intermediates/swift-rnp.build/Direct/MailSecurityEngine.build/Objects-normal/x86_64/MailSecurityEngine_const_extract_protocols.json -Xcc -I/Users/mulgogi/src/rnp/swift-rnp/Swift-Rnp/Build/Products/Direct/include -Xcc -I/Users/mulgogi/src/rnp/swift-rnp/Swift-Rnp/Build/Intermediates/swift-rnp.build/Direct/MailSecurityEngine.build/DerivedSources-normal/x86_64 -Xcc -I/Users/mulgogi/src/rnp/swift-rnp/Swift-Rnp/Build/Intermediates/swift-rnp.build/Direct/MailSecurityEngine.build/DerivedSources/x86_64 -Xcc -I/Users/mulgogi/src/rnp/swift-rnp/Swift-Rnp/Build/Intermediates/swift-rnp.build/Direct/MailSecurityEngine.build/DerivedSources -Xcc -DSWIFT_PACKAGE -emit-objc-header -emit-objc-header-path /Users/mulgogi/src/rnp/swift-rnp/Swift-Rnp/Build/Intermediates/swift-rnp.build/Direct/MailSecurityEngine.build/Objects-normal/x86_64/MailSecurityEngine-Swift.h -working-directory /Users/mulgogi/src/rnp/swift-rnp -no-emit-module-separately-wmo

SwiftMergeGeneratedHeaders /Users/mulgogi/src/rnp/swift-rnp/Swift-Rnp/Build/Intermediates/GeneratedModuleMaps/MailSecurityEngine-Swift.h /Users/mulgogi/src/rnp/swift-rnp/Swift-Rnp/Build/Intermediates/swift-rnp.build/Direct/MailSecurityEngine.build/Objects-normal/arm64/MailSecurityEngine-Swift.h /Users/mulgogi/src/rnp/swift-rnp/Swift-Rnp/Build/Intermediates/swift-rnp.build/Direct/MailSecurityEngine.build/Objects-normal/x86_64/MailSecurityEngine-Swift.h (in target 'MailSecurityEngine' from project 'swift-rnp')
    cd /Users/mulgogi/src/rnp/swift-rnp
    builtin-swiftHeaderTool -arch arm64 /Users/mulgogi/src/rnp/swift-rnp/Swift-Rnp/Build/Intermediates/swift-rnp.build/Direct/MailSecurityEngine.build/Objects-normal/arm64/MailSecurityEngine-Swift.h -arch x86_64 /Users/mulgogi/src/rnp/swift-rnp/Swift-Rnp/Build/Intermediates/swift-rnp.build/Direct/MailSecurityEngine.build/Objects-normal/x86_64/MailSecurityEngine-Swift.h -o /Users/mulgogi/src/rnp/swift-rnp/Swift-Rnp/Build/Intermediates/GeneratedModuleMaps/MailSecurityEngine-Swift.h

Copy /Users/mulgogi/src/rnp/swift-rnp/Swift-Rnp/Build/Products/Direct/MailSecurityEngine.swiftmodule/x86_64-apple-macos.swiftmodule /Users/mulgogi/src/rnp/swift-rnp/Swift-Rnp/Build/Intermediates/swift-rnp.build/Direct/MailSecurityEngine.build/Objects-normal/x86_64/MailSecurityEngine.swiftmodule (in target 'MailSecurityEngine' from project 'swift-rnp')
    cd /Users/mulgogi/src/rnp/swift-rnp
    builtin-copy -exclude .DS_Store -exclude CVS -exclude .svn -exclude .git -exclude .hg -strip-unsigned-binaries -strip-deterministic -strip-tool /Applications/Xcode.app/Contents/Developer/Toolchains/XcodeDefault.xctoolchain/usr/bin/strip -resolve-src-symlinks -rename /Users/mulgogi/src/rnp/swift-rnp/Swift-Rnp/Build/Intermediates/swift-rnp.build/Direct/MailSecurityEngine.build/Objects-normal/x86_64/MailSecurityEngine.swiftmodule /Users/mulgogi/src/rnp/swift-rnp/Swift-Rnp/Build/Products/Direct/MailSecurityEngine.swiftmodule/x86_64-apple-macos.swiftmodule

Copy /Users/mulgogi/src/rnp/swift-rnp/Swift-Rnp/Build/Products/Direct/MailSecurityEngine.swiftmodule/x86_64-apple-macos.swiftdoc /Users/mulgogi/src/rnp/swift-rnp/Swift-Rnp/Build/Intermediates/swift-rnp.build/Direct/MailSecurityEngine.build/Objects-normal/x86_64/MailSecurityEngine.swiftdoc (in target 'MailSecurityEngine' from project 'swift-rnp')
    cd /Users/mulgogi/src/rnp/swift-rnp
    builtin-copy -exclude .DS_Store -exclude CVS -exclude .svn -exclude .git -exclude .hg -strip-unsigned-binaries -strip-deterministic -strip-tool /Applications/Xcode.app/Contents/Developer/Toolchains/XcodeDefault.xctoolchain/usr/bin/strip -resolve-src-symlinks -rename /Users/mulgogi/src/rnp/swift-rnp/Swift-Rnp/Build/Intermediates/swift-rnp.build/Direct/MailSecurityEngine.build/Objects-normal/x86_64/MailSecurityEngine.swiftdoc /Users/mulgogi/src/rnp/swift-rnp/Swift-Rnp/Build/Products/Direct/MailSecurityEngine.swiftmodule/x86_64-apple-macos.swiftdoc

Copy /Users/mulgogi/src/rnp/swift-rnp/Swift-Rnp/Build/Products/Direct/MailSecurityEngine.swiftmodule/x86_64-apple-macos.abi.json /Users/mulgogi/src/rnp/swift-rnp/Swift-Rnp/Build/Intermediates/swift-rnp.build/Direct/MailSecurityEngine.build/Objects-normal/x86_64/MailSecurityEngine.abi.json (in target 'MailSecurityEngine' from project 'swift-rnp')
    cd /Users/mulgogi/src/rnp/swift-rnp
    builtin-copy -exclude .DS_Store -exclude CVS -exclude .svn -exclude .git -exclude .hg -strip-unsigned-binaries -strip-deterministic -strip-tool /Applications/Xcode.app/Contents/Developer/Toolchains/XcodeDefault.xctoolchain/usr/bin/strip -resolve-src-symlinks -rename /Users/mulgogi/src/rnp/swift-rnp/Swift-Rnp/Build/Intermediates/swift-rnp.build/Direct/MailSecurityEngine.build/Objects-normal/x86_64/MailSecurityEngine.abi.json /Users/mulgogi/src/rnp/swift-rnp/Swift-Rnp/Build/Products/Direct/MailSecurityEngine.swiftmodule/x86_64-apple-macos.abi.json

Copy /Users/mulgogi/src/rnp/swift-rnp/Swift-Rnp/Build/Products/Direct/MailSecurityEngine.swiftmodule/Project/x86_64-apple-macos.swiftsourceinfo /Users/mulgogi/src/rnp/swift-rnp/Swift-Rnp/Build/Intermediates/swift-rnp.build/Direct/MailSecurityEngine.build/Objects-normal/x86_64/MailSecurityEngine.swiftsourceinfo (in target 'MailSecurityEngine' from project 'swift-rnp')
    cd /Users/mulgogi/src/rnp/swift-rnp
    builtin-copy -exclude .DS_Store -exclude CVS -exclude .svn -exclude .git -exclude .hg -strip-unsigned-binaries -strip-deterministic -strip-tool /Applications/Xcode.app/Contents/Developer/Toolchains/XcodeDefault.xctoolchain/usr/bin/strip -resolve-src-symlinks -rename /Users/mulgogi/src/rnp/swift-rnp/Swift-Rnp/Build/Intermediates/swift-rnp.build/Direct/MailSecurityEngine.build/Objects-normal/x86_64/MailSecurityEngine.swiftsourceinfo /Users/mulgogi/src/rnp/swift-rnp/Swift-Rnp/Build/Products/Direct/MailSecurityEngine.swiftmodule/Project/x86_64-apple-macos.swiftsourceinfo

Ld /Users/mulgogi/src/rnp/swift-rnp/Swift-Rnp/Build/Intermediates/swift-rnp.build/Direct/MailSecurityEngine.build/Objects-normal/x86_64/Binary/MailSecurityEngine.o normal x86_64 (in target 'MailSecurityEngine' from project 'swift-rnp')
    cd /Users/mulgogi/src/rnp/swift-rnp
    /Applications/Xcode.app/Contents/Developer/Toolchains/XcodeDefault.xctoolchain/usr/bin/clang -Xlinker -reproducible -target x86_64-apple-macos12.0 -r -isysroot /Applications/Xcode.app/Contents/Developer/Platforms/MacOSX.platform/Developer/SDKs/MacOSX14.0.sdk -Os -L/Users/mulgogi/src/rnp/swift-rnp/Swift-Rnp/Build/Intermediates/EagerLinkingTBDs/Direct -L/Users/mulgogi/src/rnp/swift-rnp/Swift-Rnp/Build/Products/Direct -L/Applications/Xcode.app/Contents/Developer/Platforms/MacOSX.platform/Developer/usr/lib -F/Users/mulgogi/src/rnp/swift-rnp/Swift-Rnp/Build/Intermediates/EagerLinkingTBDs/Direct -F/Users/mulgogi/src/rnp/swift-rnp/Swift-Rnp/Build/Products/Direct/PackageFrameworks -F/Users/mulgogi/src/rnp/swift-rnp/Swift-Rnp/Build/Products/Direct -F/Applications/Xcode.app/Contents/Developer/Platforms/MacOSX.platform/Developer/Library/Frameworks -iframework /Applications/Xcode.app/Contents/Developer/Platforms/MacOSX.platform/Developer/Library/Frameworks -filelist /Users/mulgogi/src/rnp/swift-rnp/Swift-Rnp/Build/Intermediates/swift-rnp.build/Direct/MailSecurityEngine.build/Objects-normal/x86_64/MailSecurityEngine.LinkFileList -nostdlib -Xlinker -object_path_lto -Xlinker /Users/mulgogi/src/rnp/swift-rnp/Swift-Rnp/Build/Intermediates/swift-rnp.build/Direct/MailSecurityEngine.build/Objects-normal/x86_64/MailSecurityEngine_lto.o -fobjc-link-runtime -L/Applications/Xcode.app/Contents/Developer/Toolchains/XcodeDefault.xctoolchain/usr/lib/swift/macosx -L/usr/lib/swift -Xlinker -add_ast_path -Xlinker /Users/mulgogi/src/rnp/swift-rnp/Swift-Rnp/Build/Intermediates/swift-rnp.build/Direct/MailSecurityEngine.build/Objects-normal/x86_64/MailSecurityEngine.swiftmodule -Xlinker -dependency_info -Xlinker /Users/mulgogi/src/rnp/swift-rnp/Swift-Rnp/Build/Intermediates/swift-rnp.build/Direct/MailSecurityEngine.build/Objects-normal/x86_64/MailSecurityEngine_dependency_info.dat -o /Users/mulgogi/src/rnp/swift-rnp/Swift-Rnp/Build/Intermediates/swift-rnp.build/Direct/MailSecurityEngine.build/Objects-normal/x86_64/Binary/MailSecurityEngine.o

Ld /Users/mulgogi/src/rnp/swift-rnp/Swift-Rnp/Build/Intermediates/swift-rnp.build/Direct/MailSecurityEngine.build/Objects-normal/arm64/Binary/MailSecurityEngine.o normal arm64 (in target 'MailSecurityEngine' from project 'swift-rnp')
    cd /Users/mulgogi/src/rnp/swift-rnp
    /Applications/Xcode.app/Contents/Developer/Toolchains/XcodeDefault.xctoolchain/usr/bin/clang -Xlinker -reproducible -target arm64-apple-macos12.0 -r -isysroot /Applications/Xcode.app/Contents/Developer/Platforms/MacOSX.platform/Developer/SDKs/MacOSX14.0.sdk -Os -L/Users/mulgogi/src/rnp/swift-rnp/Swift-Rnp/Build/Intermediates/EagerLinkingTBDs/Direct -L/Users/mulgogi/src/rnp/swift-rnp/Swift-Rnp/Build/Products/Direct -L/Applications/Xcode.app/Contents/Developer/Platforms/MacOSX.platform/Developer/usr/lib -F/Users/mulgogi/src/rnp/swift-rnp/Swift-Rnp/Build/Intermediates/EagerLinkingTBDs/Direct -F/Users/mulgogi/src/rnp/swift-rnp/Swift-Rnp/Build/Products/Direct/PackageFrameworks -F/Users/mulgogi/src/rnp/swift-rnp/Swift-Rnp/Build/Products/Direct -F/Applications/Xcode.app/Contents/Developer/Platforms/MacOSX.platform/Developer/Library/Frameworks -iframework /Applications/Xcode.app/Contents/Developer/Platforms/MacOSX.platform/Developer/Library/Frameworks -filelist /Users/mulgogi/src/rnp/swift-rnp/Swift-Rnp/Build/Intermediates/swift-rnp.build/Direct/MailSecurityEngine.build/Objects-normal/arm64/MailSecurityEngine.LinkFileList -nostdlib -Xlinker -object_path_lto -Xlinker /Users/mulgogi/src/rnp/swift-rnp/Swift-Rnp/Build/Intermediates/swift-rnp.build/Direct/MailSecurityEngine.build/Objects-normal/arm64/MailSecurityEngine_lto.o -fobjc-link-runtime -L/Applications/Xcode.app/Contents/Developer/Toolchains/XcodeDefault.xctoolchain/usr/lib/swift/macosx -L/usr/lib/swift -Xlinker -add_ast_path -Xlinker /Users/mulgogi/src/rnp/swift-rnp/Swift-Rnp/Build/Intermediates/swift-rnp.build/Direct/MailSecurityEngine.build/Objects-normal/arm64/MailSecurityEngine.swiftmodule -Xlinker -dependency_info -Xlinker /Users/mulgogi/src/rnp/swift-rnp/Swift-Rnp/Build/Intermediates/swift-rnp.build/Direct/MailSecurityEngine.build/Objects-normal/arm64/MailSecurityEngine_dependency_info.dat -o /Users/mulgogi/src/rnp/swift-rnp/Swift-Rnp/Build/Intermediates/swift-rnp.build/Direct/MailSecurityEngine.build/Objects-normal/arm64/Binary/MailSecurityEngine.o

WriteAuxiliaryFile /Users/mulgogi/src/rnp/swift-rnp/Swift-Rnp/Build/Intermediates/Swift-Rnp.build/Direct/MailPlugin.build/MailPlugin.hmap (in target 'MailPlugin' from project 'Swift-Rnp')
    cd /Users/mulgogi/src/rnp/swift-rnp/Swift-Rnp
    write-file /Users/mulgogi/src/rnp/swift-rnp/Swift-Rnp/Build/Intermediates/Swift-Rnp.build/Direct/MailPlugin.build/MailPlugin.hmap

WriteAuxiliaryFile /Users/mulgogi/src/rnp/swift-rnp/Swift-Rnp/Build/Intermediates/Swift-Rnp.build/Direct/MailPlugin.build/MailPlugin-project-headers.hmap (in target 'MailPlugin' from project 'Swift-Rnp')
    cd /Users/mulgogi/src/rnp/swift-rnp/Swift-Rnp
    write-file /Users/mulgogi/src/rnp/swift-rnp/Swift-Rnp/Build/Intermediates/Swift-Rnp.build/Direct/MailPlugin.build/MailPlugin-project-headers.hmap

WriteAuxiliaryFile /Users/mulgogi/src/rnp/swift-rnp/Swift-Rnp/Build/Intermediates/Swift-Rnp.build/Direct/MailPlugin.build/MailPlugin-own-target-headers.hmap (in target 'MailPlugin' from project 'Swift-Rnp')
    cd /Users/mulgogi/src/rnp/swift-rnp/Swift-Rnp
    write-file /Users/mulgogi/src/rnp/swift-rnp/Swift-Rnp/Build/Intermediates/Swift-Rnp.build/Direct/MailPlugin.build/MailPlugin-own-target-headers.hmap

WriteAuxiliaryFile /Users/mulgogi/src/rnp/swift-rnp/Swift-Rnp/Build/Intermediates/Swift-Rnp.build/Direct/MailPlugin.build/all-product-headers.yaml (in target 'MailPlugin' from project 'Swift-Rnp')
    cd /Users/mulgogi/src/rnp/swift-rnp/Swift-Rnp
    write-file /Users/mulgogi/src/rnp/swift-rnp/Swift-Rnp/Build/Intermediates/Swift-Rnp.build/Direct/MailPlugin.build/all-product-headers.yaml

WriteAuxiliaryFile /Users/mulgogi/src/rnp/swift-rnp/Swift-Rnp/Build/Intermediates/Swift-Rnp.build/Direct/MailPlugin.build/MailPlugin-all-target-headers.hmap (in target 'MailPlugin' from project 'Swift-Rnp')
    cd /Users/mulgogi/src/rnp/swift-rnp/Swift-Rnp
    write-file /Users/mulgogi/src/rnp/swift-rnp/Swift-Rnp/Build/Intermediates/Swift-Rnp.build/Direct/MailPlugin.build/MailPlugin-all-target-headers.hmap

WriteAuxiliaryFile /Users/mulgogi/src/rnp/swift-rnp/Swift-Rnp/Build/Intermediates/Swift-Rnp.build/Direct/MailPlugin.build/MailPlugin-generated-files.hmap (in target 'MailPlugin' from project 'Swift-Rnp')
    cd /Users/mulgogi/src/rnp/swift-rnp/Swift-Rnp
    write-file /Users/mulgogi/src/rnp/swift-rnp/Swift-Rnp/Build/Intermediates/Swift-Rnp.build/Direct/MailPlugin.build/MailPlugin-generated-files.hmap

WriteAuxiliaryFile /Users/mulgogi/src/rnp/swift-rnp/Swift-Rnp/Build/Intermediates/Swift-Rnp.build/Direct/MailPlugin.build/MailPlugin-all-non-framework-target-headers.hmap (in target 'MailPlugin' from project 'Swift-Rnp')
    cd /Users/mulgogi/src/rnp/swift-rnp/Swift-Rnp
    write-file /Users/mulgogi/src/rnp/swift-rnp/Swift-Rnp/Build/Intermediates/Swift-Rnp.build/Direct/MailPlugin.build/MailPlugin-all-non-framework-target-headers.hmap

WriteAuxiliaryFile /Users/mulgogi/src/rnp/swift-rnp/Swift-Rnp/Build/Intermediates/Swift-Rnp.build/Direct/MailPlugin.build/Objects-normal/x86_64/MailPlugin.SwiftFileList (in target 'MailPlugin' from project 'Swift-Rnp')
    cd /Users/mulgogi/src/rnp/swift-rnp/Swift-Rnp
    write-file /Users/mulgogi/src/rnp/swift-rnp/Swift-Rnp/Build/Intermediates/Swift-Rnp.build/Direct/MailPlugin.build/Objects-normal/x86_64/MailPlugin.SwiftFileList

WriteAuxiliaryFile /Users/mulgogi/src/rnp/swift-rnp/Swift-Rnp/Build/Intermediates/Swift-Rnp.build/Direct/MailPlugin.build/Objects-normal/x86_64/MailPlugin-OutputFileMap.json (in target 'MailPlugin' from project 'Swift-Rnp')
    cd /Users/mulgogi/src/rnp/swift-rnp/Swift-Rnp
    write-file /Users/mulgogi/src/rnp/swift-rnp/Swift-Rnp/Build/Intermediates/Swift-Rnp.build/Direct/MailPlugin.build/Objects-normal/x86_64/MailPlugin-OutputFileMap.json

WriteAuxiliaryFile /Users/mulgogi/src/rnp/swift-rnp/Swift-Rnp/Build/Intermediates/Swift-Rnp.build/Direct/MailPlugin.build/Objects-normal/x86_64/MailPlugin_const_extract_protocols.json (in target 'MailPlugin' from project 'Swift-Rnp')
    cd /Users/mulgogi/src/rnp/swift-rnp/Swift-Rnp
    write-file /Users/mulgogi/src/rnp/swift-rnp/Swift-Rnp/Build/Intermediates/Swift-Rnp.build/Direct/MailPlugin.build/Objects-normal/x86_64/MailPlugin_const_extract_protocols.json

WriteAuxiliaryFile /Users/mulgogi/src/rnp/swift-rnp/Swift-Rnp/Build/Intermediates/Swift-Rnp.build/Direct/MailPlugin.build/Objects-normal/arm64/MailPlugin.SwiftFileList (in target 'MailPlugin' from project 'Swift-Rnp')
    cd /Users/mulgogi/src/rnp/swift-rnp/Swift-Rnp
    write-file /Users/mulgogi/src/rnp/swift-rnp/Swift-Rnp/Build/Intermediates/Swift-Rnp.build/Direct/MailPlugin.build/Objects-normal/arm64/MailPlugin.SwiftFileList

WriteAuxiliaryFile /Users/mulgogi/src/rnp/swift-rnp/Swift-Rnp/Build/Intermediates/Swift-Rnp.build/Direct/MailPlugin.build/Objects-normal/arm64/MailPlugin_const_extract_protocols.json (in target 'MailPlugin' from project 'Swift-Rnp')
    cd /Users/mulgogi/src/rnp/swift-rnp/Swift-Rnp
    write-file /Users/mulgogi/src/rnp/swift-rnp/Swift-Rnp/Build/Intermediates/Swift-Rnp.build/Direct/MailPlugin.build/Objects-normal/arm64/MailPlugin_const_extract_protocols.json

WriteAuxiliaryFile /Users/mulgogi/src/rnp/swift-rnp/Swift-Rnp/Build/Intermediates/Swift-Rnp.build/Direct/MailPlugin.build/Objects-normal/arm64/MailPlugin-OutputFileMap.json (in target 'MailPlugin' from project 'Swift-Rnp')
    cd /Users/mulgogi/src/rnp/swift-rnp/Swift-Rnp
    write-file /Users/mulgogi/src/rnp/swift-rnp/Swift-Rnp/Build/Intermediates/Swift-Rnp.build/Direct/MailPlugin.build/Objects-normal/arm64/MailPlugin-OutputFileMap.json

SwiftDriver MailPlugin normal x86_64 com.apple.xcode.tools.swift.compiler (in target 'MailPlugin' from project 'Swift-Rnp')
    cd /Users/mulgogi/src/rnp/swift-rnp/Swift-Rnp
    builtin-SwiftDriver -- /Applications/Xcode.app/Contents/Developer/Toolchains/XcodeDefault.xctoolchain/usr/bin/swiftc -module-name MailPlugin -O -whole-module-optimization -enforce-exclusivity\=checked @/Users/mulgogi/src/rnp/swift-rnp/Swift-Rnp/Build/Intermediates/Swift-Rnp.build/Direct/MailPlugin.build/Objects-normal/x86_64/MailPlugin.SwiftFileList -Xcc -fmodule-map-file\=/Users/mulgogi/src/rnp/swift-rnp/Sources/CRnp/module.modulemap -I/Users/mulgogi/src/rnp/swift-rnp/Vendor/RNPFramework.xcframework/macos-arm64_x86_64/RNPFramework.framework/Headers -sdk /Applications/Xcode.app/Contents/Developer/Platforms/MacOSX.platform/Developer/SDKs/MacOSX14.0.sdk -target x86_64-apple-macos12.0 -enable-bare-slash-regex -g -module-cache-path /Users/mulgogi/Library/Developer/Xcode/DerivedData/ModuleCache.noindex -Xfrontend -serialize-debugging-options -application-extension -swift-version 5 -I /Users/mulgogi/src/rnp/swift-rnp/Swift-Rnp/Build/Products/Direct -F /Users/mulgogi/src/rnp/swift-rnp/Swift-Rnp/Build/Products/Direct/PackageFrameworks -F /Users/mulgogi/src/rnp/swift-rnp/Swift-Rnp/Build/Products/Direct/PackageFrameworks -F /Users/mulgogi/src/rnp/swift-rnp/Swift-Rnp/Build/Products/Direct -F /Users/mulgogi/src/rnp/swift-rnp/Vendor -emit-localized-strings -emit-localized-strings-path /Users/mulgogi/src/rnp/swift-rnp/Swift-Rnp/Build/Intermediates/Swift-Rnp.build/Direct/MailPlugin.build/Objects-normal/x86_64 -c -num-threads 10 -output-file-map /Users/mulgogi/src/rnp/swift-rnp/Swift-Rnp/Build/Intermediates/Swift-Rnp.build/Direct/MailPlugin.build/Objects-normal/x86_64/MailPlugin-OutputFileMap.json -use-frontend-parseable-output -save-temps -no-color-diagnostics -serialize-diagnostics -emit-dependencies -emit-module -emit-module-path /Users/mulgogi/src/rnp/swift-rnp/Swift-Rnp/Build/Intermediates/Swift-Rnp.build/Direct/MailPlugin.build/Objects-normal/x86_64/MailPlugin.swiftmodule -validate-clang-modules-once -clang-build-session-file /Users/mulgogi/Library/Developer/Xcode/DerivedData/ModuleCache.noindex/Session.modulevalidation -Xcc -I/Users/mulgogi/src/rnp/swift-rnp/Swift-Rnp/Build/Intermediates/Swift-Rnp.build/Direct/MailPlugin.build/swift-overrides.hmap -emit-const-values -Xfrontend -const-gather-protocols-file -Xfrontend /Users/mulgogi/src/rnp/swift-rnp/Swift-Rnp/Build/Intermediates/Swift-Rnp.build/Direct/MailPlugin.build/Objects-normal/x86_64/MailPlugin_const_extract_protocols.json -Xcc -iquote -Xcc /Users/mulgogi/src/rnp/swift-rnp/Swift-Rnp/Build/Intermediates/Swift-Rnp.build/Direct/MailPlugin.build/MailPlugin-generated-files.hmap -Xcc -I/Users/mulgogi/src/rnp/swift-rnp/Swift-Rnp/Build/Intermediates/Swift-Rnp.build/Direct/MailPlugin.build/MailPlugin-own-target-headers.hmap -Xcc -I/Users/mulgogi/src/rnp/swift-rnp/Swift-Rnp/Build/Intermediates/Swift-Rnp.build/Direct/MailPlugin.build/MailPlugin-all-non-framework-target-headers.hmap -Xcc -ivfsoverlay -Xcc /Users/mulgogi/src/rnp/swift-rnp/Swift-Rnp/Build/Intermediates/Swift-Rnp.build/Direct/MailPlugin.build/all-product-headers.yaml -Xcc -iquote -Xcc /Users/mulgogi/src/rnp/swift-rnp/Swift-Rnp/Build/Intermediates/Swift-Rnp.build/Direct/MailPlugin.build/MailPlugin-project-headers.hmap -Xcc -I/Users/mulgogi/src/rnp/swift-rnp/Swift-Rnp/Build/Products/Direct/include -Xcc -I/Users/mulgogi/src/rnp/swift-rnp/Swift-Rnp/Build/Intermediates/Swift-Rnp.build/Direct/MailPlugin.build/DerivedSources-normal/x86_64 -Xcc -I/Users/mulgogi/src/rnp/swift-rnp/Swift-Rnp/Build/Intermediates/Swift-Rnp.build/Direct/MailPlugin.build/DerivedSources/x86_64 -Xcc -I/Users/mulgogi/src/rnp/swift-rnp/Swift-Rnp/Build/Intermediates/Swift-Rnp.build/Direct/MailPlugin.build/DerivedSources -emit-objc-header -emit-objc-header-path /Users/mulgogi/src/rnp/swift-rnp/Swift-Rnp/Build/Intermediates/Swift-Rnp.build/Direct/MailPlugin.build/Objects-normal/x86_64/MailPlugin-Swift.h -working-directory /Users/mulgogi/src/rnp/swift-rnp/Swift-Rnp -no-emit-module-separately-wmo

SwiftDriver MailPlugin normal arm64 com.apple.xcode.tools.swift.compiler (in target 'MailPlugin' from project 'Swift-Rnp')
    cd /Users/mulgogi/src/rnp/swift-rnp/Swift-Rnp
    builtin-SwiftDriver -- /Applications/Xcode.app/Contents/Developer/Toolchains/XcodeDefault.xctoolchain/usr/bin/swiftc -module-name MailPlugin -O -whole-module-optimization -enforce-exclusivity\=checked @/Users/mulgogi/src/rnp/swift-rnp/Swift-Rnp/Build/Intermediates/Swift-Rnp.build/Direct/MailPlugin.build/Objects-normal/arm64/MailPlugin.SwiftFileList -Xcc -fmodule-map-file\=/Users/mulgogi/src/rnp/swift-rnp/Sources/CRnp/module.modulemap -I/Users/mulgogi/src/rnp/swift-rnp/Vendor/RNPFramework.xcframework/macos-arm64_x86_64/RNPFramework.framework/Headers -sdk /Applications/Xcode.app/Contents/Developer/Platforms/MacOSX.platform/Developer/SDKs/MacOSX14.0.sdk -target arm64-apple-macos12.0 -enable-bare-slash-regex -g -module-cache-path /Users/mulgogi/Library/Developer/Xcode/DerivedData/ModuleCache.noindex -Xfrontend -serialize-debugging-options -application-extension -swift-version 5 -I /Users/mulgogi/src/rnp/swift-rnp/Swift-Rnp/Build/Products/Direct -F /Users/mulgogi/src/rnp/swift-rnp/Swift-Rnp/Build/Products/Direct/PackageFrameworks -F /Users/mulgogi/src/rnp/swift-rnp/Swift-Rnp/Build/Products/Direct/PackageFrameworks -F /Users/mulgogi/src/rnp/swift-rnp/Swift-Rnp/Build/Products/Direct -F /Users/mulgogi/src/rnp/swift-rnp/Vendor -emit-localized-strings -emit-localized-strings-path /Users/mulgogi/src/rnp/swift-rnp/Swift-Rnp/Build/Intermediates/Swift-Rnp.build/Direct/MailPlugin.build/Objects-normal/arm64 -c -num-threads 10 -output-file-map /Users/mulgogi/src/rnp/swift-rnp/Swift-Rnp/Build/Intermediates/Swift-Rnp.build/Direct/MailPlugin.build/Objects-normal/arm64/MailPlugin-OutputFileMap.json -use-frontend-parseable-output -save-temps -no-color-diagnostics -serialize-diagnostics -emit-dependencies -emit-module -emit-module-path /Users/mulgogi/src/rnp/swift-rnp/Swift-Rnp/Build/Intermediates/Swift-Rnp.build/Direct/MailPlugin.build/Objects-normal/arm64/MailPlugin.swiftmodule -validate-clang-modules-once -clang-build-session-file /Users/mulgogi/Library/Developer/Xcode/DerivedData/ModuleCache.noindex/Session.modulevalidation -Xcc -I/Users/mulgogi/src/rnp/swift-rnp/Swift-Rnp/Build/Intermediates/Swift-Rnp.build/Direct/MailPlugin.build/swift-overrides.hmap -emit-const-values -Xfrontend -const-gather-protocols-file -Xfrontend /Users/mulgogi/src/rnp/swift-rnp/Swift-Rnp/Build/Intermediates/Swift-Rnp.build/Direct/MailPlugin.build/Objects-normal/arm64/MailPlugin_const_extract_protocols.json -Xcc -iquote -Xcc /Users/mulgogi/src/rnp/swift-rnp/Swift-Rnp/Build/Intermediates/Swift-Rnp.build/Direct/MailPlugin.build/MailPlugin-generated-files.hmap -Xcc -I/Users/mulgogi/src/rnp/swift-rnp/Swift-Rnp/Build/Intermediates/Swift-Rnp.build/Direct/MailPlugin.build/MailPlugin-own-target-headers.hmap -Xcc -I/Users/mulgogi/src/rnp/swift-rnp/Swift-Rnp/Build/Intermediates/Swift-Rnp.build/Direct/MailPlugin.build/MailPlugin-all-non-framework-target-headers.hmap -Xcc -ivfsoverlay -Xcc /Users/mulgogi/src/rnp/swift-rnp/Swift-Rnp/Build/Intermediates/Swift-Rnp.build/Direct/MailPlugin.build/all-product-headers.yaml -Xcc -iquote -Xcc /Users/mulgogi/src/rnp/swift-rnp/Swift-Rnp/Build/Intermediates/Swift-Rnp.build/Direct/MailPlugin.build/MailPlugin-project-headers.hmap -Xcc -I/Users/mulgogi/src/rnp/swift-rnp/Swift-Rnp/Build/Products/Direct/include -Xcc -I/Users/mulgogi/src/rnp/swift-rnp/Swift-Rnp/Build/Intermediates/Swift-Rnp.build/Direct/MailPlugin.build/DerivedSources-normal/arm64 -Xcc -I/Users/mulgogi/src/rnp/swift-rnp/Swift-Rnp/Build/Intermediates/Swift-Rnp.build/Direct/MailPlugin.build/DerivedSources/arm64 -Xcc -I/Users/mulgogi/src/rnp/swift-rnp/Swift-Rnp/Build/Intermediates/Swift-Rnp.build/Direct/MailPlugin.build/DerivedSources -emit-objc-header -emit-objc-header-path /Users/mulgogi/src/rnp/swift-rnp/Swift-Rnp/Build/Intermediates/Swift-Rnp.build/Direct/MailPlugin.build/Objects-normal/arm64/MailPlugin-Swift.h -working-directory /Users/mulgogi/src/rnp/swift-rnp/Swift-Rnp -no-emit-module-separately-wmo

SwiftDriver\ Compilation MailPlugin normal x86_64 com.apple.xcode.tools.swift.compiler (in target 'MailPlugin' from project 'Swift-Rnp')
    cd /Users/mulgogi/src/rnp/swift-rnp/Swift-Rnp
    builtin-Swift-Compilation -- /Applications/Xcode.app/Contents/Developer/Toolchains/XcodeDefault.xctoolchain/usr/bin/swiftc -module-name MailPlugin -O -whole-module-optimization -enforce-exclusivity\=checked @/Users/mulgogi/src/rnp/swift-rnp/Swift-Rnp/Build/Intermediates/Swift-Rnp.build/Direct/MailPlugin.build/Objects-normal/x86_64/MailPlugin.SwiftFileList -Xcc -fmodule-map-file\=/Users/mulgogi/src/rnp/swift-rnp/Sources/CRnp/module.modulemap -I/Users/mulgogi/src/rnp/swift-rnp/Vendor/RNPFramework.xcframework/macos-arm64_x86_64/RNPFramework.framework/Headers -sdk /Applications/Xcode.app/Contents/Developer/Platforms/MacOSX.platform/Developer/SDKs/MacOSX14.0.sdk -target x86_64-apple-macos12.0 -enable-bare-slash-regex -g -module-cache-path /Users/mulgogi/Library/Developer/Xcode/DerivedData/ModuleCache.noindex -Xfrontend -serialize-debugging-options -application-extension -swift-version 5 -I /Users/mulgogi/src/rnp/swift-rnp/Swift-Rnp/Build/Products/Direct -F /Users/mulgogi/src/rnp/swift-rnp/Swift-Rnp/Build/Products/Direct/PackageFrameworks -F /Users/mulgogi/src/rnp/swift-rnp/Swift-Rnp/Build/Products/Direct/PackageFrameworks -F /Users/mulgogi/src/rnp/swift-rnp/Swift-Rnp/Build/Products/Direct -F /Users/mulgogi/src/rnp/swift-rnp/Vendor -emit-localized-strings -emit-localized-strings-path /Users/mulgogi/src/rnp/swift-rnp/Swift-Rnp/Build/Intermediates/Swift-Rnp.build/Direct/MailPlugin.build/Objects-normal/x86_64 -c -num-threads 10 -output-file-map /Users/mulgogi/src/rnp/swift-rnp/Swift-Rnp/Build/Intermediates/Swift-Rnp.build/Direct/MailPlugin.build/Objects-normal/x86_64/MailPlugin-OutputFileMap.json -use-frontend-parseable-output -save-temps -no-color-diagnostics -serialize-diagnostics -emit-dependencies -emit-module -emit-module-path /Users/mulgogi/src/rnp/swift-rnp/Swift-Rnp/Build/Intermediates/Swift-Rnp.build/Direct/MailPlugin.build/Objects-normal/x86_64/MailPlugin.swiftmodule -validate-clang-modules-once -clang-build-session-file /Users/mulgogi/Library/Developer/Xcode/DerivedData/ModuleCache.noindex/Session.modulevalidation -Xcc -I/Users/mulgogi/src/rnp/swift-rnp/Swift-Rnp/Build/Intermediates/Swift-Rnp.build/Direct/MailPlugin.build/swift-overrides.hmap -emit-const-values -Xfrontend -const-gather-protocols-file -Xfrontend /Users/mulgogi/src/rnp/swift-rnp/Swift-Rnp/Build/Intermediates/Swift-Rnp.build/Direct/MailPlugin.build/Objects-normal/x86_64/MailPlugin_const_extract_protocols.json -Xcc -iquote -Xcc /Users/mulgogi/src/rnp/swift-rnp/Swift-Rnp/Build/Intermediates/Swift-Rnp.build/Direct/MailPlugin.build/MailPlugin-generated-files.hmap -Xcc -I/Users/mulgogi/src/rnp/swift-rnp/Swift-Rnp/Build/Intermediates/Swift-Rnp.build/Direct/MailPlugin.build/MailPlugin-own-target-headers.hmap -Xcc -I/Users/mulgogi/src/rnp/swift-rnp/Swift-Rnp/Build/Intermediates/Swift-Rnp.build/Direct/MailPlugin.build/MailPlugin-all-non-framework-target-headers.hmap -Xcc -ivfsoverlay -Xcc /Users/mulgogi/src/rnp/swift-rnp/Swift-Rnp/Build/Intermediates/Swift-Rnp.build/Direct/MailPlugin.build/all-product-headers.yaml -Xcc -iquote -Xcc /Users/mulgogi/src/rnp/swift-rnp/Swift-Rnp/Build/Intermediates/Swift-Rnp.build/Direct/MailPlugin.build/MailPlugin-project-headers.hmap -Xcc -I/Users/mulgogi/src/rnp/swift-rnp/Swift-Rnp/Build/Products/Direct/include -Xcc -I/Users/mulgogi/src/rnp/swift-rnp/Swift-Rnp/Build/Intermediates/Swift-Rnp.build/Direct/MailPlugin.build/DerivedSources-normal/x86_64 -Xcc -I/Users/mulgogi/src/rnp/swift-rnp/Swift-Rnp/Build/Intermediates/Swift-Rnp.build/Direct/MailPlugin.build/DerivedSources/x86_64 -Xcc -I/Users/mulgogi/src/rnp/swift-rnp/Swift-Rnp/Build/Intermediates/Swift-Rnp.build/Direct/MailPlugin.build/DerivedSources -emit-objc-header -emit-objc-header-path /Users/mulgogi/src/rnp/swift-rnp/Swift-Rnp/Build/Intermediates/Swift-Rnp.build/Direct/MailPlugin.build/Objects-normal/x86_64/MailPlugin-Swift.h -working-directory /Users/mulgogi/src/rnp/swift-rnp/Swift-Rnp -no-emit-module-separately-wmo

SwiftCompile normal x86_64 Compiling\ MailExtension.swift,\ MessageSecurityHandler.swift,\ MessageSecurityViewController.swift,\ AppGroup.swift,\ KeychainPassphraseStore.swift /Users/mulgogi/src/rnp/swift-rnp/Swift-Rnp/MailPlugin/MailExtension.swift /Users/mulgogi/src/rnp/swift-rnp/Swift-Rnp/MailPlugin/MessageSecurityHandler.swift /Users/mulgogi/src/rnp/swift-rnp/Swift-Rnp/MailPlugin/MessageSecurityViewController.swift /Users/mulgogi/src/rnp/swift-rnp/Swift-Rnp/Shared/AppGroup.swift /Users/mulgogi/src/rnp/swift-rnp/Swift-Rnp/Shared/KeychainPassphraseStore.swift (in target 'MailPlugin' from project 'Swift-Rnp')
    cd /Users/mulgogi/src/rnp/swift-rnp/Swift-Rnp
    builtin-swiftTaskExecution -- /Applications/Xcode.app/Contents/Developer/Toolchains/XcodeDefault.xctoolchain/usr/bin/swift-frontend -frontend -c /Users/mulgogi/src/rnp/swift-rnp/Swift-Rnp/MailPlugin/MailExtension.swift /Users/mulgogi/src/rnp/swift-rnp/Swift-Rnp/MailPlugin/MessageSecurityHandler.swift /Users/mulgogi/src/rnp/swift-rnp/Swift-Rnp/MailPlugin/MessageSecurityViewController.swift /Users/mulgogi/src/rnp/swift-rnp/Swift-Rnp/Shared/AppGroup.swift /Users/mulgogi/src/rnp/swift-rnp/Swift-Rnp/Shared/KeychainPassphraseStore.swift -supplementary-output-file-map /Users/mulgogi/src/rnp/swift-rnp/Swift-Rnp/Build/Intermediates/Swift-Rnp.build/Direct/MailPlugin.build/Objects-normal/x86_64/supplementaryOutputs-5 -emit-localized-strings -emit-localized-strings-path /Users/mulgogi/src/rnp/swift-rnp/Swift-Rnp/Build/Intermediates/Swift-Rnp.build/Direct/MailPlugin.build/Objects-normal/x86_64 -target x86_64-apple-macos12.0 -enable-objc-interop -stack-check -sdk /Applications/Xcode.app/Contents/Developer/Platforms/MacOSX.platform/Developer/SDKs/MacOSX14.0.sdk -I /Users/mulgogi/src/rnp/swift-rnp/Vendor/RNPFramework.xcframework/macos-arm64_x86_64/RNPFramework.framework/Headers -I /Users/mulgogi/src/rnp/swift-rnp/Swift-Rnp/Build/Products/Direct -F /Users/mulgogi/src/rnp/swift-rnp/Swift-Rnp/Build/Products/Direct/PackageFrameworks -F /Users/mulgogi/src/rnp/swift-rnp/Swift-Rnp/Build/Products/Direct/PackageFrameworks -F /Users/mulgogi/src/rnp/swift-rnp/Swift-Rnp/Build/Products/Direct -F /Users/mulgogi/src/rnp/swift-rnp/Vendor -no-color-diagnostics -application-extension -g -module-cache-path /Users/mulgogi/Library/Developer/Xcode/DerivedData/ModuleCache.noindex -swift-version 5 -enforce-exclusivity\=checked -O -serialize-debugging-options -const-gather-protocols-file /Users/mulgogi/src/rnp/swift-rnp/Swift-Rnp/Build/Intermediates/Swift-Rnp.build/Direct/MailPlugin.build/Objects-normal/x86_64/MailPlugin_const_extract_protocols.json -enable-bare-slash-regex -empty-abi-descriptor -validate-clang-modules-once -clang-build-session-file /Users/mulgogi/Library/Developer/Xcode/DerivedData/ModuleCache.noindex/Session.modulevalidation -Xcc -working-directory -Xcc /Users/mulgogi/src/rnp/swift-rnp/Swift-Rnp -resource-dir /Applications/Xcode.app/Contents/Developer/Toolchains/XcodeDefault.xctoolchain/usr/lib/swift -Xcc -fmodule-map-file\=/Users/mulgogi/src/rnp/swift-rnp/Sources/CRnp/module.modulemap -Xcc -I/Users/mulgogi/src/rnp/swift-rnp/Swift-Rnp/Build/Intermediates/Swift-Rnp.build/Direct/MailPlugin.build/swift-overrides.hmap -Xcc -iquote -Xcc /Users/mulgogi/src/rnp/swift-rnp/Swift-Rnp/Build/Intermediates/Swift-Rnp.build/Direct/MailPlugin.build/MailPlugin-generated-files.hmap -Xcc -I/Users/mulgogi/src/rnp/swift-rnp/Swift-Rnp/Build/Intermediates/Swift-Rnp.build/Direct/MailPlugin.build/MailPlugin-own-target-headers.hmap -Xcc -I/Users/mulgogi/src/rnp/swift-rnp/Swift-Rnp/Build/Intermediates/Swift-Rnp.build/Direct/MailPlugin.build/MailPlugin-all-non-framework-target-headers.hmap -Xcc -ivfsoverlay -Xcc /Users/mulgogi/src/rnp/swift-rnp/Swift-Rnp/Build/Intermediates/Swift-Rnp.build/Direct/MailPlugin.build/all-product-headers.yaml -Xcc -iquote -Xcc /Users/mulgogi/src/rnp/swift-rnp/Swift-Rnp/Build/Intermediates/Swift-Rnp.build/Direct/MailPlugin.build/MailPlugin-project-headers.hmap -Xcc -I/Users/mulgogi/src/rnp/swift-rnp/Swift-Rnp/Build/Products/Direct/include -Xcc -I/Users/mulgogi/src/rnp/swift-rnp/Swift-Rnp/Build/Intermediates/Swift-Rnp.build/Direct/MailPlugin.build/DerivedSources-normal/x86_64 -Xcc -I/Users/mulgogi/src/rnp/swift-rnp/Swift-Rnp/Build/Intermediates/Swift-Rnp.build/Direct/MailPlugin.build/DerivedSources/x86_64 -Xcc -I/Users/mulgogi/src/rnp/swift-rnp/Swift-Rnp/Build/Intermediates/Swift-Rnp.build/Direct/MailPlugin.build/DerivedSources -module-name MailPlugin -frontend-parseable-output -disable-clang-spi -target-sdk-version 14.0 -target-sdk-name macosx14.0 -external-plugin-path /Applications/Xcode.app/Contents/Developer/Platforms/MacOSX.platform/Developer/SDKs/MacOSX14.0.sdk/usr/lib/swift/host/plugins\#/Applications/Xcode.app/Contents/Developer/Platforms/MacOSX.platform/Developer/SDKs/MacOSX14.0.sdk/usr/bin/swift-plugin-server -external-plugin-path /Applications/Xcode.app/Contents/Developer/Platforms/MacOSX.platform/Developer/SDKs/MacOSX14.0.sdk/usr/local/lib/swift/host/plugins\#/Applications/Xcode.app/Contents/Developer/Platforms/MacOSX.platform/Developer/SDKs/MacOSX14.0.sdk/usr/bin/swift-plugin-server -external-plugin-path /Applications/Xcode.app/Contents/Developer/Platforms/MacOSX.platform/Developer/usr/lib/swift/host/plugins\#/Applications/Xcode.app/Contents/Developer/Platforms/MacOSX.platform/Developer/usr/bin/swift-plugin-server -external-plugin-path /Applications/Xcode.app/Contents/Developer/Platforms/MacOSX.platform/Developer/usr/local/lib/swift/host/plugins\#/Applications/Xcode.app/Contents/Developer/Platforms/MacOSX.platform/Developer/usr/bin/swift-plugin-server -plugin-path /Applications/Xcode.app/Contents/Developer/Toolchains/XcodeDefault.xctoolchain/usr/lib/swift/host/plugins -plugin-path /Applications/Xcode.app/Contents/Developer/Toolchains/XcodeDefault.xctoolchain/usr/local/lib/swift/host/plugins -enable-default-cmo -num-threads 10 -o /Users/mulgogi/src/rnp/swift-rnp/Swift-Rnp/Build/Intermediates/Swift-Rnp.build/Direct/MailPlugin.build/Objects-normal/x86_64/MailExtension.o -o /Users/mulgogi/src/rnp/swift-rnp/Swift-Rnp/Build/Intermediates/Swift-Rnp.build/Direct/MailPlugin.build/Objects-normal/x86_64/MessageSecurityHandler.o -o /Users/mulgogi/src/rnp/swift-rnp/Swift-Rnp/Build/Intermediates/Swift-Rnp.build/Direct/MailPlugin.build/Objects-normal/x86_64/MessageSecurityViewController.o -o /Users/mulgogi/src/rnp/swift-rnp/Swift-Rnp/Build/Intermediates/Swift-Rnp.build/Direct/MailPlugin.build/Objects-normal/x86_64/AppGroup.o -o /Users/mulgogi/src/rnp/swift-rnp/Swift-Rnp/Build/Intermediates/Swift-Rnp.build/Direct/MailPlugin.build/Objects-normal/x86_64/KeychainPassphraseStore.o -index-unit-output-path /Swift-Rnp.build/Direct/MailPlugin.build/Objects-normal/x86_64/MailExtension.o -index-unit-output-path /Swift-Rnp.build/Direct/MailPlugin.build/Objects-normal/x86_64/MessageSecurityHandler.o -index-unit-output-path /Swift-Rnp.build/Direct/MailPlugin.build/Objects-normal/x86_64/MessageSecurityViewController.o -index-unit-output-path /Swift-Rnp.build/Direct/MailPlugin.build/Objects-normal/x86_64/AppGroup.o -index-unit-output-path /Swift-Rnp.build/Direct/MailPlugin.build/Objects-normal/x86_64/KeychainPassphraseStore.o

CompileSwift normal x86_64 (in target 'MailPlugin' from project 'Swift-Rnp')
    cd /Users/mulgogi/src/rnp/swift-rnp/Swift-Rnp
    /Applications/Xcode.app/Contents/Developer/Toolchains/XcodeDefault.xctoolchain/usr/bin/swift-frontend -c /Users/mulgogi/src/rnp/swift-rnp/Swift-Rnp/MailPlugin/MailExtension.swift /Users/mulgogi/src/rnp/swift-rnp/Swift-Rnp/MailPlugin/MessageSecurityHandler.swift /Users/mulgogi/src/rnp/swift-rnp/Swift-Rnp/MailPlugin/MessageSecurityViewController.swift /Users/mulgogi/src/rnp/swift-rnp/Swift-Rnp/Shared/AppGroup.swift /Users/mulgogi/src/rnp/swift-rnp/Swift-Rnp/Shared/KeychainPassphraseStore.swift -supplementary-output-file-map /Users/mulgogi/src/rnp/swift-rnp/Swift-Rnp/Build/Intermediates/Swift-Rnp.build/Direct/MailPlugin.build/Objects-normal/x86_64/supplementaryOutputs-5 -emit-localized-strings -emit-localized-strings-path /Users/mulgogi/src/rnp/swift-rnp/Swift-Rnp/Build/Intermediates/Swift-Rnp.build/Direct/MailPlugin.build/Objects-normal/x86_64 -target x86_64-apple-macos12.0 -enable-objc-interop -stack-check -sdk /Applications/Xcode.app/Contents/Developer/Platforms/MacOSX.platform/Developer/SDKs/MacOSX14.0.sdk -I /Users/mulgogi/src/rnp/swift-rnp/Vendor/RNPFramework.xcframework/macos-arm64_x86_64/RNPFramework.framework/Headers -I /Users/mulgogi/src/rnp/swift-rnp/Swift-Rnp/Build/Products/Direct -F /Users/mulgogi/src/rnp/swift-rnp/Swift-Rnp/Build/Products/Direct/PackageFrameworks -F /Users/mulgogi/src/rnp/swift-rnp/Swift-Rnp/Build/Products/Direct/PackageFrameworks -F /Users/mulgogi/src/rnp/swift-rnp/Swift-Rnp/Build/Products/Direct -F /Users/mulgogi/src/rnp/swift-rnp/Vendor -no-color-diagnostics -application-extension -g -module-cache-path /Users/mulgogi/Library/Developer/Xcode/DerivedData/ModuleCache.noindex -swift-version 5 -enforce-exclusivity\=checked -O -serialize-debugging-options -const-gather-protocols-file /Users/mulgogi/src/rnp/swift-rnp/Swift-Rnp/Build/Intermediates/Swift-Rnp.build/Direct/MailPlugin.build/Objects-normal/x86_64/MailPlugin_const_extract_protocols.json -enable-bare-slash-regex -empty-abi-descriptor -validate-clang-modules-once -clang-build-session-file /Users/mulgogi/Library/Developer/Xcode/DerivedData/ModuleCache.noindex/Session.modulevalidation -Xcc -working-directory -Xcc /Users/mulgogi/src/rnp/swift-rnp/Swift-Rnp -resource-dir /Applications/Xcode.app/Contents/Developer/Toolchains/XcodeDefault.xctoolchain/usr/lib/swift -Xcc -fmodule-map-file\=/Users/mulgogi/src/rnp/swift-rnp/Sources/CRnp/module.modulemap -Xcc -I/Users/mulgogi/src/rnp/swift-rnp/Swift-Rnp/Build/Intermediates/Swift-Rnp.build/Direct/MailPlugin.build/swift-overrides.hmap -Xcc -iquote -Xcc /Users/mulgogi/src/rnp/swift-rnp/Swift-Rnp/Build/Intermediates/Swift-Rnp.build/Direct/MailPlugin.build/MailPlugin-generated-files.hmap -Xcc -I/Users/mulgogi/src/rnp/swift-rnp/Swift-Rnp/Build/Intermediates/Swift-Rnp.build/Direct/MailPlugin.build/MailPlugin-own-target-headers.hmap -Xcc -I/Users/mulgogi/src/rnp/swift-rnp/Swift-Rnp/Build/Intermediates/Swift-Rnp.build/Direct/MailPlugin.build/MailPlugin-all-non-framework-target-headers.hmap -Xcc -ivfsoverlay -Xcc /Users/mulgogi/src/rnp/swift-rnp/Swift-Rnp/Build/Intermediates/Swift-Rnp.build/Direct/MailPlugin.build/all-product-headers.yaml -Xcc -iquote -Xcc /Users/mulgogi/src/rnp/swift-rnp/Swift-Rnp/Build/Intermediates/Swift-Rnp.build/Direct/MailPlugin.build/MailPlugin-project-headers.hmap -Xcc -I/Users/mulgogi/src/rnp/swift-rnp/Swift-Rnp/Build/Products/Direct/include -Xcc -I/Users/mulgogi/src/rnp/swift-rnp/Swift-Rnp/Build/Intermediates/Swift-Rnp.build/Direct/MailPlugin.build/DerivedSources-normal/x86_64 -Xcc -I/Users/mulgogi/src/rnp/swift-rnp/Swift-Rnp/Build/Intermediates/Swift-Rnp.build/Direct/MailPlugin.build/DerivedSources/x86_64 -Xcc -I/Users/mulgogi/src/rnp/swift-rnp/Swift-Rnp/Build/Intermediates/Swift-Rnp.build/Direct/MailPlugin.build/DerivedSources -module-name MailPlugin -frontend-parseable-output -disable-clang-spi -target-sdk-version 14.0 -target-sdk-name macosx14.0 -external-plugin-path /Applications/Xcode.app/Contents/Developer/Platforms/MacOSX.platform/Developer/SDKs/MacOSX14.0.sdk/usr/lib/swift/host/plugins\#/Applications/Xcode.app/Contents/Developer/Platforms/MacOSX.platform/Developer/SDKs/MacOSX14.0.sdk/usr/bin/swift-plugin-server -external-plugin-path /Applications/Xcode.app/Contents/Developer/Platforms/MacOSX.platform/Developer/SDKs/MacOSX14.0.sdk/usr/local/lib/swift/host/plugins\#/Applications/Xcode.app/Contents/Developer/Platforms/MacOSX.platform/Developer/SDKs/MacOSX14.0.sdk/usr/bin/swift-plugin-server -external-plugin-path /Applications/Xcode.app/Contents/Developer/Platforms/MacOSX.platform/Developer/usr/lib/swift/host/plugins\#/Applications/Xcode.app/Contents/Developer/Platforms/MacOSX.platform/Developer/usr/bin/swift-plugin-server -external-plugin-path /Applications/Xcode.app/Contents/Developer/Platforms/MacOSX.platform/Developer/usr/local/lib/swift/host/plugins\#/Applications/Xcode.app/Contents/Developer/Platforms/MacOSX.platform/Developer/usr/bin/swift-plugin-server -plugin-path /Applications/Xcode.app/Contents/Developer/Toolchains/XcodeDefault.xctoolchain/usr/lib/swift/host/plugins -plugin-path /Applications/Xcode.app/Contents/Developer/Toolchains/XcodeDefault.xctoolchain/usr/local/lib/swift/host/plugins -enable-default-cmo -num-threads 10 -o /Users/mulgogi/src/rnp/swift-rnp/Swift-Rnp/Build/Intermediates/Swift-Rnp.build/Direct/MailPlugin.build/Objects-normal/x86_64/MailExtension.o -o /Users/mulgogi/src/rnp/swift-rnp/Swift-Rnp/Build/Intermediates/Swift-Rnp.build/Direct/MailPlugin.build/Objects-normal/x86_64/MessageSecurityHandler.o -o /Users/mulgogi/src/rnp/swift-rnp/Swift-Rnp/Build/Intermediates/Swift-Rnp.build/Direct/MailPlugin.build/Objects-normal/x86_64/MessageSecurityViewController.o -o /Users/mulgogi/src/rnp/swift-rnp/Swift-Rnp/Build/Intermediates/Swift-Rnp.build/Direct/MailPlugin.build/Objects-normal/x86_64/AppGroup.o -o /Users/mulgogi/src/rnp/swift-rnp/Swift-Rnp/Build/Intermediates/Swift-Rnp.build/Direct/MailPlugin.build/Objects-normal/x86_64/KeychainPassphraseStore.o -index-unit-output-path /Swift-Rnp.build/Direct/MailPlugin.build/Objects-normal/x86_64/MailExtension.o -index-unit-output-path /Swift-Rnp.build/Direct/MailPlugin.build/Objects-normal/x86_64/MessageSecurityHandler.o -index-unit-output-path /Swift-Rnp.build/Direct/MailPlugin.build/Objects-normal/x86_64/MessageSecurityViewController.o -index-unit-output-path /Swift-Rnp.build/Direct/MailPlugin.build/Objects-normal/x86_64/AppGroup.o -index-unit-output-path /Swift-Rnp.build/Direct/MailPlugin.build/Objects-normal/x86_64/KeychainPassphraseStore.o

SwiftDriver\ Compilation MailPlugin normal arm64 com.apple.xcode.tools.swift.compiler (in target 'MailPlugin' from project 'Swift-Rnp')
    cd /Users/mulgogi/src/rnp/swift-rnp/Swift-Rnp
    builtin-Swift-Compilation -- /Applications/Xcode.app/Contents/Developer/Toolchains/XcodeDefault.xctoolchain/usr/bin/swiftc -module-name MailPlugin -O -whole-module-optimization -enforce-exclusivity\=checked @/Users/mulgogi/src/rnp/swift-rnp/Swift-Rnp/Build/Intermediates/Swift-Rnp.build/Direct/MailPlugin.build/Objects-normal/arm64/MailPlugin.SwiftFileList -Xcc -fmodule-map-file\=/Users/mulgogi/src/rnp/swift-rnp/Sources/CRnp/module.modulemap -I/Users/mulgogi/src/rnp/swift-rnp/Vendor/RNPFramework.xcframework/macos-arm64_x86_64/RNPFramework.framework/Headers -sdk /Applications/Xcode.app/Contents/Developer/Platforms/MacOSX.platform/Developer/SDKs/MacOSX14.0.sdk -target arm64-apple-macos12.0 -enable-bare-slash-regex -g -module-cache-path /Users/mulgogi/Library/Developer/Xcode/DerivedData/ModuleCache.noindex -Xfrontend -serialize-debugging-options -application-extension -swift-version 5 -I /Users/mulgogi/src/rnp/swift-rnp/Swift-Rnp/Build/Products/Direct -F /Users/mulgogi/src/rnp/swift-rnp/Swift-Rnp/Build/Products/Direct/PackageFrameworks -F /Users/mulgogi/src/rnp/swift-rnp/Swift-Rnp/Build/Products/Direct/PackageFrameworks -F /Users/mulgogi/src/rnp/swift-rnp/Swift-Rnp/Build/Products/Direct -F /Users/mulgogi/src/rnp/swift-rnp/Vendor -emit-localized-strings -emit-localized-strings-path /Users/mulgogi/src/rnp/swift-rnp/Swift-Rnp/Build/Intermediates/Swift-Rnp.build/Direct/MailPlugin.build/Objects-normal/arm64 -c -num-threads 10 -output-file-map /Users/mulgogi/src/rnp/swift-rnp/Swift-Rnp/Build/Intermediates/Swift-Rnp.build/Direct/MailPlugin.build/Objects-normal/arm64/MailPlugin-OutputFileMap.json -use-frontend-parseable-output -save-temps -no-color-diagnostics -serialize-diagnostics -emit-dependencies -emit-module -emit-module-path /Users/mulgogi/src/rnp/swift-rnp/Swift-Rnp/Build/Intermediates/Swift-Rnp.build/Direct/MailPlugin.build/Objects-normal/arm64/MailPlugin.swiftmodule -validate-clang-modules-once -clang-build-session-file /Users/mulgogi/Library/Developer/Xcode/DerivedData/ModuleCache.noindex/Session.modulevalidation -Xcc -I/Users/mulgogi/src/rnp/swift-rnp/Swift-Rnp/Build/Intermediates/Swift-Rnp.build/Direct/MailPlugin.build/swift-overrides.hmap -emit-const-values -Xfrontend -const-gather-protocols-file -Xfrontend /Users/mulgogi/src/rnp/swift-rnp/Swift-Rnp/Build/Intermediates/Swift-Rnp.build/Direct/MailPlugin.build/Objects-normal/arm64/MailPlugin_const_extract_protocols.json -Xcc -iquote -Xcc /Users/mulgogi/src/rnp/swift-rnp/Swift-Rnp/Build/Intermediates/Swift-Rnp.build/Direct/MailPlugin.build/MailPlugin-generated-files.hmap -Xcc -I/Users/mulgogi/src/rnp/swift-rnp/Swift-Rnp/Build/Intermediates/Swift-Rnp.build/Direct/MailPlugin.build/MailPlugin-own-target-headers.hmap -Xcc -I/Users/mulgogi/src/rnp/swift-rnp/Swift-Rnp/Build/Intermediates/Swift-Rnp.build/Direct/MailPlugin.build/MailPlugin-all-non-framework-target-headers.hmap -Xcc -ivfsoverlay -Xcc /Users/mulgogi/src/rnp/swift-rnp/Swift-Rnp/Build/Intermediates/Swift-Rnp.build/Direct/MailPlugin.build/all-product-headers.yaml -Xcc -iquote -Xcc /Users/mulgogi/src/rnp/swift-rnp/Swift-Rnp/Build/Intermediates/Swift-Rnp.build/Direct/MailPlugin.build/MailPlugin-project-headers.hmap -Xcc -I/Users/mulgogi/src/rnp/swift-rnp/Swift-Rnp/Build/Products/Direct/include -Xcc -I/Users/mulgogi/src/rnp/swift-rnp/Swift-Rnp/Build/Intermediates/Swift-Rnp.build/Direct/MailPlugin.build/DerivedSources-normal/arm64 -Xcc -I/Users/mulgogi/src/rnp/swift-rnp/Swift-Rnp/Build/Intermediates/Swift-Rnp.build/Direct/MailPlugin.build/DerivedSources/arm64 -Xcc -I/Users/mulgogi/src/rnp/swift-rnp/Swift-Rnp/Build/Intermediates/Swift-Rnp.build/Direct/MailPlugin.build/DerivedSources -emit-objc-header -emit-objc-header-path /Users/mulgogi/src/rnp/swift-rnp/Swift-Rnp/Build/Intermediates/Swift-Rnp.build/Direct/MailPlugin.build/Objects-normal/arm64/MailPlugin-Swift.h -working-directory /Users/mulgogi/src/rnp/swift-rnp/Swift-Rnp -no-emit-module-separately-wmo

SwiftCompile normal arm64 Compiling\ MailExtension.swift,\ MessageSecurityHandler.swift,\ MessageSecurityViewController.swift,\ AppGroup.swift,\ KeychainPassphraseStore.swift /Users/mulgogi/src/rnp/swift-rnp/Swift-Rnp/MailPlugin/MailExtension.swift /Users/mulgogi/src/rnp/swift-rnp/Swift-Rnp/MailPlugin/MessageSecurityHandler.swift /Users/mulgogi/src/rnp/swift-rnp/Swift-Rnp/MailPlugin/MessageSecurityViewController.swift /Users/mulgogi/src/rnp/swift-rnp/Swift-Rnp/Shared/AppGroup.swift /Users/mulgogi/src/rnp/swift-rnp/Swift-Rnp/Shared/KeychainPassphraseStore.swift (in target 'MailPlugin' from project 'Swift-Rnp')
    cd /Users/mulgogi/src/rnp/swift-rnp/Swift-Rnp
    builtin-swiftTaskExecution -- /Applications/Xcode.app/Contents/Developer/Toolchains/XcodeDefault.xctoolchain/usr/bin/swift-frontend -frontend -c /Users/mulgogi/src/rnp/swift-rnp/Swift-Rnp/MailPlugin/MailExtension.swift /Users/mulgogi/src/rnp/swift-rnp/Swift-Rnp/MailPlugin/MessageSecurityHandler.swift /Users/mulgogi/src/rnp/swift-rnp/Swift-Rnp/MailPlugin/MessageSecurityViewController.swift /Users/mulgogi/src/rnp/swift-rnp/Swift-Rnp/Shared/AppGroup.swift /Users/mulgogi/src/rnp/swift-rnp/Swift-Rnp/Shared/KeychainPassphraseStore.swift -supplementary-output-file-map /Users/mulgogi/src/rnp/swift-rnp/Swift-Rnp/Build/Intermediates/Swift-Rnp.build/Direct/MailPlugin.build/Objects-normal/arm64/supplementaryOutputs-6 -emit-localized-strings -emit-localized-strings-path /Users/mulgogi/src/rnp/swift-rnp/Swift-Rnp/Build/Intermediates/Swift-Rnp.build/Direct/MailPlugin.build/Objects-normal/arm64 -target arm64-apple-macos12.0 -Xllvm -aarch64-use-tbi -enable-objc-interop -stack-check -sdk /Applications/Xcode.app/Contents/Developer/Platforms/MacOSX.platform/Developer/SDKs/MacOSX14.0.sdk -I /Users/mulgogi/src/rnp/swift-rnp/Vendor/RNPFramework.xcframework/macos-arm64_x86_64/RNPFramework.framework/Headers -I /Users/mulgogi/src/rnp/swift-rnp/Swift-Rnp/Build/Products/Direct -F /Users/mulgogi/src/rnp/swift-rnp/Swift-Rnp/Build/Products/Direct/PackageFrameworks -F /Users/mulgogi/src/rnp/swift-rnp/Swift-Rnp/Build/Products/Direct/PackageFrameworks -F /Users/mulgogi/src/rnp/swift-rnp/Swift-Rnp/Build/Products/Direct -F /Users/mulgogi/src/rnp/swift-rnp/Vendor -no-color-diagnostics -application-extension -g -module-cache-path /Users/mulgogi/Library/Developer/Xcode/DerivedData/ModuleCache.noindex -swift-version 5 -enforce-exclusivity\=checked -O -serialize-debugging-options -const-gather-protocols-file /Users/mulgogi/src/rnp/swift-rnp/Swift-Rnp/Build/Intermediates/Swift-Rnp.build/Direct/MailPlugin.build/Objects-normal/arm64/MailPlugin_const_extract_protocols.json -enable-bare-slash-regex -empty-abi-descriptor -validate-clang-modules-once -clang-build-session-file /Users/mulgogi/Library/Developer/Xcode/DerivedData/ModuleCache.noindex/Session.modulevalidation -Xcc -working-directory -Xcc /Users/mulgogi/src/rnp/swift-rnp/Swift-Rnp -resource-dir /Applications/Xcode.app/Contents/Developer/Toolchains/XcodeDefault.xctoolchain/usr/lib/swift -Xcc -fmodule-map-file\=/Users/mulgogi/src/rnp/swift-rnp/Sources/CRnp/module.modulemap -Xcc -I/Users/mulgogi/src/rnp/swift-rnp/Swift-Rnp/Build/Intermediates/Swift-Rnp.build/Direct/MailPlugin.build/swift-overrides.hmap -Xcc -iquote -Xcc /Users/mulgogi/src/rnp/swift-rnp/Swift-Rnp/Build/Intermediates/Swift-Rnp.build/Direct/MailPlugin.build/MailPlugin-generated-files.hmap -Xcc -I/Users/mulgogi/src/rnp/swift-rnp/Swift-Rnp/Build/Intermediates/Swift-Rnp.build/Direct/MailPlugin.build/MailPlugin-own-target-headers.hmap -Xcc -I/Users/mulgogi/src/rnp/swift-rnp/Swift-Rnp/Build/Intermediates/Swift-Rnp.build/Direct/MailPlugin.build/MailPlugin-all-non-framework-target-headers.hmap -Xcc -ivfsoverlay -Xcc /Users/mulgogi/src/rnp/swift-rnp/Swift-Rnp/Build/Intermediates/Swift-Rnp.build/Direct/MailPlugin.build/all-product-headers.yaml -Xcc -iquote -Xcc /Users/mulgogi/src/rnp/swift-rnp/Swift-Rnp/Build/Intermediates/Swift-Rnp.build/Direct/MailPlugin.build/MailPlugin-project-headers.hmap -Xcc -I/Users/mulgogi/src/rnp/swift-rnp/Swift-Rnp/Build/Products/Direct/include -Xcc -I/Users/mulgogi/src/rnp/swift-rnp/Swift-Rnp/Build/Intermediates/Swift-Rnp.build/Direct/MailPlugin.build/DerivedSources-normal/arm64 -Xcc -I/Users/mulgogi/src/rnp/swift-rnp/Swift-Rnp/Build/Intermediates/Swift-Rnp.build/Direct/MailPlugin.build/DerivedSources/arm64 -Xcc -I/Users/mulgogi/src/rnp/swift-rnp/Swift-Rnp/Build/Intermediates/Swift-Rnp.build/Direct/MailPlugin.build/DerivedSources -module-name MailPlugin -frontend-parseable-output -disable-clang-spi -target-sdk-version 14.0 -target-sdk-name macosx14.0 -external-plugin-path /Applications/Xcode.app/Contents/Developer/Platforms/MacOSX.platform/Developer/SDKs/MacOSX14.0.sdk/usr/lib/swift/host/plugins\#/Applications/Xcode.app/Contents/Developer/Platforms/MacOSX.platform/Developer/SDKs/MacOSX14.0.sdk/usr/bin/swift-plugin-server -external-plugin-path /Applications/Xcode.app/Contents/Developer/Platforms/MacOSX.platform/Developer/SDKs/MacOSX14.0.sdk/usr/local/lib/swift/host/plugins\#/Applications/Xcode.app/Contents/Developer/Platforms/MacOSX.platform/Developer/SDKs/MacOSX14.0.sdk/usr/bin/swift-plugin-server -external-plugin-path /Applications/Xcode.app/Contents/Developer/Platforms/MacOSX.platform/Developer/usr/lib/swift/host/plugins\#/Applications/Xcode.app/Contents/Developer/Platforms/MacOSX.platform/Developer/usr/bin/swift-plugin-server -external-plugin-path /Applications/Xcode.app/Contents/Developer/Platforms/MacOSX.platform/Developer/usr/local/lib/swift/host/plugins\#/Applications/Xcode.app/Contents/Developer/Platforms/MacOSX.platform/Developer/usr/bin/swift-plugin-server -plugin-path /Applications/Xcode.app/Contents/Developer/Toolchains/XcodeDefault.xctoolchain/usr/lib/swift/host/plugins -plugin-path /Applications/Xcode.app/Contents/Developer/Toolchains/XcodeDefault.xctoolchain/usr/local/lib/swift/host/plugins -enable-default-cmo -num-threads 10 -o /Users/mulgogi/src/rnp/swift-rnp/Swift-Rnp/Build/Intermediates/Swift-Rnp.build/Direct/MailPlugin.build/Objects-normal/arm64/MailExtension.o -o /Users/mulgogi/src/rnp/swift-rnp/Swift-Rnp/Build/Intermediates/Swift-Rnp.build/Direct/MailPlugin.build/Objects-normal/arm64/MessageSecurityHandler.o -o /Users/mulgogi/src/rnp/swift-rnp/Swift-Rnp/Build/Intermediates/Swift-Rnp.build/Direct/MailPlugin.build/Objects-normal/arm64/MessageSecurityViewController.o -o /Users/mulgogi/src/rnp/swift-rnp/Swift-Rnp/Build/Intermediates/Swift-Rnp.build/Direct/MailPlugin.build/Objects-normal/arm64/AppGroup.o -o /Users/mulgogi/src/rnp/swift-rnp/Swift-Rnp/Build/Intermediates/Swift-Rnp.build/Direct/MailPlugin.build/Objects-normal/arm64/KeychainPassphraseStore.o -index-unit-output-path /Swift-Rnp.build/Direct/MailPlugin.build/Objects-normal/arm64/MailExtension.o -index-unit-output-path /Swift-Rnp.build/Direct/MailPlugin.build/Objects-normal/arm64/MessageSecurityHandler.o -index-unit-output-path /Swift-Rnp.build/Direct/MailPlugin.build/Objects-normal/arm64/MessageSecurityViewController.o -index-unit-output-path /Swift-Rnp.build/Direct/MailPlugin.build/Objects-normal/arm64/AppGroup.o -index-unit-output-path /Swift-Rnp.build/Direct/MailPlugin.build/Objects-normal/arm64/KeychainPassphraseStore.o

CompileSwift normal arm64 (in target 'MailPlugin' from project 'Swift-Rnp')
    cd /Users/mulgogi/src/rnp/swift-rnp/Swift-Rnp
    /Applications/Xcode.app/Contents/Developer/Toolchains/XcodeDefault.xctoolchain/usr/bin/swift-frontend -c /Users/mulgogi/src/rnp/swift-rnp/Swift-Rnp/MailPlugin/MailExtension.swift /Users/mulgogi/src/rnp/swift-rnp/Swift-Rnp/MailPlugin/MessageSecurityHandler.swift /Users/mulgogi/src/rnp/swift-rnp/Swift-Rnp/MailPlugin/MessageSecurityViewController.swift /Users/mulgogi/src/rnp/swift-rnp/Swift-Rnp/Shared/AppGroup.swift /Users/mulgogi/src/rnp/swift-rnp/Swift-Rnp/Shared/KeychainPassphraseStore.swift -supplementary-output-file-map /Users/mulgogi/src/rnp/swift-rnp/Swift-Rnp/Build/Intermediates/Swift-Rnp.build/Direct/MailPlugin.build/Objects-normal/arm64/supplementaryOutputs-6 -emit-localized-strings -emit-localized-strings-path /Users/mulgogi/src/rnp/swift-rnp/Swift-Rnp/Build/Intermediates/Swift-Rnp.build/Direct/MailPlugin.build/Objects-normal/arm64 -target arm64-apple-macos12.0 -Xllvm -aarch64-use-tbi -enable-objc-interop -stack-check -sdk /Applications/Xcode.app/Contents/Developer/Platforms/MacOSX.platform/Developer/SDKs/MacOSX14.0.sdk -I /Users/mulgogi/src/rnp/swift-rnp/Vendor/RNPFramework.xcframework/macos-arm64_x86_64/RNPFramework.framework/Headers -I /Users/mulgogi/src/rnp/swift-rnp/Swift-Rnp/Build/Products/Direct -F /Users/mulgogi/src/rnp/swift-rnp/Swift-Rnp/Build/Products/Direct/PackageFrameworks -F /Users/mulgogi/src/rnp/swift-rnp/Swift-Rnp/Build/Products/Direct/PackageFrameworks -F /Users/mulgogi/src/rnp/swift-rnp/Swift-Rnp/Build/Products/Direct -F /Users/mulgogi/src/rnp/swift-rnp/Vendor -no-color-diagnostics -application-extension -g -module-cache-path /Users/mulgogi/Library/Developer/Xcode/DerivedData/ModuleCache.noindex -swift-version 5 -enforce-exclusivity\=checked -O -serialize-debugging-options -const-gather-protocols-file /Users/mulgogi/src/rnp/swift-rnp/Swift-Rnp/Build/Intermediates/Swift-Rnp.build/Direct/MailPlugin.build/Objects-normal/arm64/MailPlugin_const_extract_protocols.json -enable-bare-slash-regex -empty-abi-descriptor -validate-clang-modules-once -clang-build-session-file /Users/mulgogi/Library/Developer/Xcode/DerivedData/ModuleCache.noindex/Session.modulevalidation -Xcc -working-directory -Xcc /Users/mulgogi/src/rnp/swift-rnp/Swift-Rnp -resource-dir /Applications/Xcode.app/Contents/Developer/Toolchains/XcodeDefault.xctoolchain/usr/lib/swift -Xcc -fmodule-map-file\=/Users/mulgogi/src/rnp/swift-rnp/Sources/CRnp/module.modulemap -Xcc -I/Users/mulgogi/src/rnp/swift-rnp/Swift-Rnp/Build/Intermediates/Swift-Rnp.build/Direct/MailPlugin.build/swift-overrides.hmap -Xcc -iquote -Xcc /Users/mulgogi/src/rnp/swift-rnp/Swift-Rnp/Build/Intermediates/Swift-Rnp.build/Direct/MailPlugin.build/MailPlugin-generated-files.hmap -Xcc -I/Users/mulgogi/src/rnp/swift-rnp/Swift-Rnp/Build/Intermediates/Swift-Rnp.build/Direct/MailPlugin.build/MailPlugin-own-target-headers.hmap -Xcc -I/Users/mulgogi/src/rnp/swift-rnp/Swift-Rnp/Build/Intermediates/Swift-Rnp.build/Direct/MailPlugin.build/MailPlugin-all-non-framework-target-headers.hmap -Xcc -ivfsoverlay -Xcc /Users/mulgogi/src/rnp/swift-rnp/Swift-Rnp/Build/Intermediates/Swift-Rnp.build/Direct/MailPlugin.build/all-product-headers.yaml -Xcc -iquote -Xcc /Users/mulgogi/src/rnp/swift-rnp/Swift-Rnp/Build/Intermediates/Swift-Rnp.build/Direct/MailPlugin.build/MailPlugin-project-headers.hmap -Xcc -I/Users/mulgogi/src/rnp/swift-rnp/Swift-Rnp/Build/Products/Direct/include -Xcc -I/Users/mulgogi/src/rnp/swift-rnp/Swift-Rnp/Build/Intermediates/Swift-Rnp.build/Direct/MailPlugin.build/DerivedSources-normal/arm64 -Xcc -I/Users/mulgogi/src/rnp/swift-rnp/Swift-Rnp/Build/Intermediates/Swift-Rnp.build/Direct/MailPlugin.build/DerivedSources/arm64 -Xcc -I/Users/mulgogi/src/rnp/swift-rnp/Swift-Rnp/Build/Intermediates/Swift-Rnp.build/Direct/MailPlugin.build/DerivedSources -module-name MailPlugin -frontend-parseable-output -disable-clang-spi -target-sdk-version 14.0 -target-sdk-name macosx14.0 -external-plugin-path /Applications/Xcode.app/Contents/Developer/Platforms/MacOSX.platform/Developer/SDKs/MacOSX14.0.sdk/usr/lib/swift/host/plugins\#/Applications/Xcode.app/Contents/Developer/Platforms/MacOSX.platform/Developer/SDKs/MacOSX14.0.sdk/usr/bin/swift-plugin-server -external-plugin-path /Applications/Xcode.app/Contents/Developer/Platforms/MacOSX.platform/Developer/SDKs/MacOSX14.0.sdk/usr/local/lib/swift/host/plugins\#/Applications/Xcode.app/Contents/Developer/Platforms/MacOSX.platform/Developer/SDKs/MacOSX14.0.sdk/usr/bin/swift-plugin-server -external-plugin-path /Applications/Xcode.app/Contents/Developer/Platforms/MacOSX.platform/Developer/usr/lib/swift/host/plugins\#/Applications/Xcode.app/Contents/Developer/Platforms/MacOSX.platform/Developer/usr/bin/swift-plugin-server -external-plugin-path /Applications/Xcode.app/Contents/Developer/Platforms/MacOSX.platform/Developer/usr/local/lib/swift/host/plugins\#/Applications/Xcode.app/Contents/Developer/Platforms/MacOSX.platform/Developer/usr/bin/swift-plugin-server -plugin-path /Applications/Xcode.app/Contents/Developer/Toolchains/XcodeDefault.xctoolchain/usr/lib/swift/host/plugins -plugin-path /Applications/Xcode.app/Contents/Developer/Toolchains/XcodeDefault.xctoolchain/usr/local/lib/swift/host/plugins -enable-default-cmo -num-threads 10 -o /Users/mulgogi/src/rnp/swift-rnp/Swift-Rnp/Build/Intermediates/Swift-Rnp.build/Direct/MailPlugin.build/Objects-normal/arm64/MailExtension.o -o /Users/mulgogi/src/rnp/swift-rnp/Swift-Rnp/Build/Intermediates/Swift-Rnp.build/Direct/MailPlugin.build/Objects-normal/arm64/MessageSecurityHandler.o -o /Users/mulgogi/src/rnp/swift-rnp/Swift-Rnp/Build/Intermediates/Swift-Rnp.build/Direct/MailPlugin.build/Objects-normal/arm64/MessageSecurityViewController.o -o /Users/mulgogi/src/rnp/swift-rnp/Swift-Rnp/Build/Intermediates/Swift-Rnp.build/Direct/MailPlugin.build/Objects-normal/arm64/AppGroup.o -o /Users/mulgogi/src/rnp/swift-rnp/Swift-Rnp/Build/Intermediates/Swift-Rnp.build/Direct/MailPlugin.build/Objects-normal/arm64/KeychainPassphraseStore.o -index-unit-output-path /Swift-Rnp.build/Direct/MailPlugin.build/Objects-normal/arm64/MailExtension.o -index-unit-output-path /Swift-Rnp.build/Direct/MailPlugin.build/Objects-normal/arm64/MessageSecurityHandler.o -index-unit-output-path /Swift-Rnp.build/Direct/MailPlugin.build/Objects-normal/arm64/MessageSecurityViewController.o -index-unit-output-path /Swift-Rnp.build/Direct/MailPlugin.build/Objects-normal/arm64/AppGroup.o -index-unit-output-path /Swift-Rnp.build/Direct/MailPlugin.build/Objects-normal/arm64/KeychainPassphraseStore.o

CreateUniversalBinary /Users/mulgogi/src/rnp/swift-rnp/Swift-Rnp/Build/Products/Direct/MailSecurityEngine.o normal arm64\ x86_64 (in target 'MailSecurityEngine' from project 'swift-rnp')
    cd /Users/mulgogi/src/rnp/swift-rnp
    /Applications/Xcode.app/Contents/Developer/Toolchains/XcodeDefault.xctoolchain/usr/bin/lipo -create /Users/mulgogi/src/rnp/swift-rnp/Swift-Rnp/Build/Intermediates/swift-rnp.build/Direct/MailSecurityEngine.build/Objects-normal/arm64/Binary/MailSecurityEngine.o /Users/mulgogi/src/rnp/swift-rnp/Swift-Rnp/Build/Intermediates/swift-rnp.build/Direct/MailSecurityEngine.build/Objects-normal/x86_64/Binary/MailSecurityEngine.o -output /Users/mulgogi/src/rnp/swift-rnp/Swift-Rnp/Build/Products/Direct/MailSecurityEngine.o

RegisterExecutionPolicyException /Users/mulgogi/src/rnp/swift-rnp/Swift-Rnp/Build/Products/Direct/MailSecurityEngine.o (in target 'MailSecurityEngine' from project 'swift-rnp')
    cd /Users/mulgogi/src/rnp/swift-rnp
    builtin-RegisterExecutionPolicyException /Users/mulgogi/src/rnp/swift-rnp/Swift-Rnp/Build/Products/Direct/MailSecurityEngine.o

ProcessInfoPlistFile /Users/mulgogi/src/rnp/swift-rnp/Swift-Rnp/Build/Products/Direct/MailPlugin.appex/Contents/Info.plist /Users/mulgogi/src/rnp/swift-rnp/Swift-Rnp/MailPlugin/Info.plist (in target 'MailPlugin' from project 'Swift-Rnp')
    cd /Users/mulgogi/src/rnp/swift-rnp/Swift-Rnp
    builtin-infoPlistUtility /Users/mulgogi/src/rnp/swift-rnp/Swift-Rnp/MailPlugin/Info.plist -producttype com.apple.product-type.app-extension -expandbuildsettings -platform macosx -o /Users/mulgogi/src/rnp/swift-rnp/Swift-Rnp/Build/Products/Direct/MailPlugin.appex/Contents/Info.plist

CpResource /Users/mulgogi/src/rnp/swift-rnp/Swift-Rnp/Build/Products/Direct/MailPlugin.appex/Contents/Resources/PrivacyInfo.xcprivacy /Users/mulgogi/src/rnp/swift-rnp/Swift-Rnp/MailPlugin/PrivacyInfo.xcprivacy (in target 'MailPlugin' from project 'Swift-Rnp')
    cd /Users/mulgogi/src/rnp/swift-rnp/Swift-Rnp
    builtin-copy -exclude .DS_Store -exclude CVS -exclude .svn -exclude .git -exclude .hg -resolve-src-symlinks /Users/mulgogi/src/rnp/swift-rnp/Swift-Rnp/MailPlugin/PrivacyInfo.xcprivacy /Users/mulgogi/src/rnp/swift-rnp/Swift-Rnp/Build/Products/Direct/MailPlugin.appex/Contents/Resources

WriteAuxiliaryFile /Users/mulgogi/src/rnp/swift-rnp/Swift-Rnp/Build/Intermediates/Swift-Rnp.build/Direct/MailPlugin.build/Objects-normal/x86_64/MailPlugin.LinkFileList (in target 'MailPlugin' from project 'Swift-Rnp')
    cd /Users/mulgogi/src/rnp/swift-rnp/Swift-Rnp
    write-file /Users/mulgogi/src/rnp/swift-rnp/Swift-Rnp/Build/Intermediates/Swift-Rnp.build/Direct/MailPlugin.build/Objects-normal/x86_64/MailPlugin.LinkFileList

WriteAuxiliaryFile /Users/mulgogi/src/rnp/swift-rnp/Swift-Rnp/Build/Intermediates/Swift-Rnp.build/Direct/MailPlugin.build/Objects-normal/arm64/MailPlugin.LinkFileList (in target 'MailPlugin' from project 'Swift-Rnp')
    cd /Users/mulgogi/src/rnp/swift-rnp/Swift-Rnp
    write-file /Users/mulgogi/src/rnp/swift-rnp/Swift-Rnp/Build/Intermediates/Swift-Rnp.build/Direct/MailPlugin.build/Objects-normal/arm64/MailPlugin.LinkFileList

SwiftDriverJobDiscovery normal arm64 Compiling MailExtension.swift, MessageSecurityHandler.swift, MessageSecurityViewController.swift, AppGroup.swift, KeychainPassphraseStore.swift (in target 'MailPlugin' from project 'Swift-Rnp')

SwiftDriver\ Compilation\ Requirements MailPlugin normal arm64 com.apple.xcode.tools.swift.compiler (in target 'MailPlugin' from project 'Swift-Rnp')
    cd /Users/mulgogi/src/rnp/swift-rnp/Swift-Rnp
    builtin-Swift-Compilation-Requirements -- /Applications/Xcode.app/Contents/Developer/Toolchains/XcodeDefault.xctoolchain/usr/bin/swiftc -module-name MailPlugin -O -whole-module-optimization -enforce-exclusivity\=checked @/Users/mulgogi/src/rnp/swift-rnp/Swift-Rnp/Build/Intermediates/Swift-Rnp.build/Direct/MailPlugin.build/Objects-normal/arm64/MailPlugin.SwiftFileList -Xcc -fmodule-map-file\=/Users/mulgogi/src/rnp/swift-rnp/Sources/CRnp/module.modulemap -I/Users/mulgogi/src/rnp/swift-rnp/Vendor/RNPFramework.xcframework/macos-arm64_x86_64/RNPFramework.framework/Headers -sdk /Applications/Xcode.app/Contents/Developer/Platforms/MacOSX.platform/Developer/SDKs/MacOSX14.0.sdk -target arm64-apple-macos12.0 -enable-bare-slash-regex -g -module-cache-path /Users/mulgogi/Library/Developer/Xcode/DerivedData/ModuleCache.noindex -Xfrontend -serialize-debugging-options -application-extension -swift-version 5 -I /Users/mulgogi/src/rnp/swift-rnp/Swift-Rnp/Build/Products/Direct -F /Users/mulgogi/src/rnp/swift-rnp/Swift-Rnp/Build/Products/Direct/PackageFrameworks -F /Users/mulgogi/src/rnp/swift-rnp/Swift-Rnp/Build/Products/Direct/PackageFrameworks -F /Users/mulgogi/src/rnp/swift-rnp/Swift-Rnp/Build/Products/Direct -F /Users/mulgogi/src/rnp/swift-rnp/Vendor -emit-localized-strings -emit-localized-strings-path /Users/mulgogi/src/rnp/swift-rnp/Swift-Rnp/Build/Intermediates/Swift-Rnp.build/Direct/MailPlugin.build/Objects-normal/arm64 -c -num-threads 10 -output-file-map /Users/mulgogi/src/rnp/swift-rnp/Swift-Rnp/Build/Intermediates/Swift-Rnp.build/Direct/MailPlugin.build/Objects-normal/arm64/MailPlugin-OutputFileMap.json -use-frontend-parseable-output -save-temps -no-color-diagnostics -serialize-diagnostics -emit-dependencies -emit-module -emit-module-path /Users/mulgogi/src/rnp/swift-rnp/Swift-Rnp/Build/Intermediates/Swift-Rnp.build/Direct/MailPlugin.build/Objects-normal/arm64/MailPlugin.swiftmodule -validate-clang-modules-once -clang-build-session-file /Users/mulgogi/Library/Developer/Xcode/DerivedData/ModuleCache.noindex/Session.modulevalidation -Xcc -I/Users/mulgogi/src/rnp/swift-rnp/Swift-Rnp/Build/Intermediates/Swift-Rnp.build/Direct/MailPlugin.build/swift-overrides.hmap -emit-const-values -Xfrontend -const-gather-protocols-file -Xfrontend /Users/mulgogi/src/rnp/swift-rnp/Swift-Rnp/Build/Intermediates/Swift-Rnp.build/Direct/MailPlugin.build/Objects-normal/arm64/MailPlugin_const_extract_protocols.json -Xcc -iquote -Xcc /Users/mulgogi/src/rnp/swift-rnp/Swift-Rnp/Build/Intermediates/Swift-Rnp.build/Direct/MailPlugin.build/MailPlugin-generated-files.hmap -Xcc -I/Users/mulgogi/src/rnp/swift-rnp/Swift-Rnp/Build/Intermediates/Swift-Rnp.build/Direct/MailPlugin.build/MailPlugin-own-target-headers.hmap -Xcc -I/Users/mulgogi/src/rnp/swift-rnp/Swift-Rnp/Build/Intermediates/Swift-Rnp.build/Direct/MailPlugin.build/MailPlugin-all-non-framework-target-headers.hmap -Xcc -ivfsoverlay -Xcc /Users/mulgogi/src/rnp/swift-rnp/Swift-Rnp/Build/Intermediates/Swift-Rnp.build/Direct/MailPlugin.build/all-product-headers.yaml -Xcc -iquote -Xcc /Users/mulgogi/src/rnp/swift-rnp/Swift-Rnp/Build/Intermediates/Swift-Rnp.build/Direct/MailPlugin.build/MailPlugin-project-headers.hmap -Xcc -I/Users/mulgogi/src/rnp/swift-rnp/Swift-Rnp/Build/Products/Direct/include -Xcc -I/Users/mulgogi/src/rnp/swift-rnp/Swift-Rnp/Build/Intermediates/Swift-Rnp.build/Direct/MailPlugin.build/DerivedSources-normal/arm64 -Xcc -I/Users/mulgogi/src/rnp/swift-rnp/Swift-Rnp/Build/Intermediates/Swift-Rnp.build/Direct/MailPlugin.build/DerivedSources/arm64 -Xcc -I/Users/mulgogi/src/rnp/swift-rnp/Swift-Rnp/Build/Intermediates/Swift-Rnp.build/Direct/MailPlugin.build/DerivedSources -emit-objc-header -emit-objc-header-path /Users/mulgogi/src/rnp/swift-rnp/Swift-Rnp/Build/Intermediates/Swift-Rnp.build/Direct/MailPlugin.build/Objects-normal/arm64/MailPlugin-Swift.h -working-directory /Users/mulgogi/src/rnp/swift-rnp/Swift-Rnp -no-emit-module-separately-wmo

SwiftDriverJobDiscovery normal x86_64 Compiling MailExtension.swift, MessageSecurityHandler.swift, MessageSecurityViewController.swift, AppGroup.swift, KeychainPassphraseStore.swift (in target 'MailPlugin' from project 'Swift-Rnp')

SwiftDriver\ Compilation\ Requirements MailPlugin normal x86_64 com.apple.xcode.tools.swift.compiler (in target 'MailPlugin' from project 'Swift-Rnp')
    cd /Users/mulgogi/src/rnp/swift-rnp/Swift-Rnp
    builtin-Swift-Compilation-Requirements -- /Applications/Xcode.app/Contents/Developer/Toolchains/XcodeDefault.xctoolchain/usr/bin/swiftc -module-name MailPlugin -O -whole-module-optimization -enforce-exclusivity\=checked @/Users/mulgogi/src/rnp/swift-rnp/Swift-Rnp/Build/Intermediates/Swift-Rnp.build/Direct/MailPlugin.build/Objects-normal/x86_64/MailPlugin.SwiftFileList -Xcc -fmodule-map-file\=/Users/mulgogi/src/rnp/swift-rnp/Sources/CRnp/module.modulemap -I/Users/mulgogi/src/rnp/swift-rnp/Vendor/RNPFramework.xcframework/macos-arm64_x86_64/RNPFramework.framework/Headers -sdk /Applications/Xcode.app/Contents/Developer/Platforms/MacOSX.platform/Developer/SDKs/MacOSX14.0.sdk -target x86_64-apple-macos12.0 -enable-bare-slash-regex -g -module-cache-path /Users/mulgogi/Library/Developer/Xcode/DerivedData/ModuleCache.noindex -Xfrontend -serialize-debugging-options -application-extension -swift-version 5 -I /Users/mulgogi/src/rnp/swift-rnp/Swift-Rnp/Build/Products/Direct -F /Users/mulgogi/src/rnp/swift-rnp/Swift-Rnp/Build/Products/Direct/PackageFrameworks -F /Users/mulgogi/src/rnp/swift-rnp/Swift-Rnp/Build/Products/Direct/PackageFrameworks -F /Users/mulgogi/src/rnp/swift-rnp/Swift-Rnp/Build/Products/Direct -F /Users/mulgogi/src/rnp/swift-rnp/Vendor -emit-localized-strings -emit-localized-strings-path /Users/mulgogi/src/rnp/swift-rnp/Swift-Rnp/Build/Intermediates/Swift-Rnp.build/Direct/MailPlugin.build/Objects-normal/x86_64 -c -num-threads 10 -output-file-map /Users/mulgogi/src/rnp/swift-rnp/Swift-Rnp/Build/Intermediates/Swift-Rnp.build/Direct/MailPlugin.build/Objects-normal/x86_64/MailPlugin-OutputFileMap.json -use-frontend-parseable-output -save-temps -no-color-diagnostics -serialize-diagnostics -emit-dependencies -emit-module -emit-module-path /Users/mulgogi/src/rnp/swift-rnp/Swift-Rnp/Build/Intermediates/Swift-Rnp.build/Direct/MailPlugin.build/Objects-normal/x86_64/MailPlugin.swiftmodule -validate-clang-modules-once -clang-build-session-file /Users/mulgogi/Library/Developer/Xcode/DerivedData/ModuleCache.noindex/Session.modulevalidation -Xcc -I/Users/mulgogi/src/rnp/swift-rnp/Swift-Rnp/Build/Intermediates/Swift-Rnp.build/Direct/MailPlugin.build/swift-overrides.hmap -emit-const-values -Xfrontend -const-gather-protocols-file -Xfrontend /Users/mulgogi/src/rnp/swift-rnp/Swift-Rnp/Build/Intermediates/Swift-Rnp.build/Direct/MailPlugin.build/Objects-normal/x86_64/MailPlugin_const_extract_protocols.json -Xcc -iquote -Xcc /Users/mulgogi/src/rnp/swift-rnp/Swift-Rnp/Build/Intermediates/Swift-Rnp.build/Direct/MailPlugin.build/MailPlugin-generated-files.hmap -Xcc -I/Users/mulgogi/src/rnp/swift-rnp/Swift-Rnp/Build/Intermediates/Swift-Rnp.build/Direct/MailPlugin.build/MailPlugin-own-target-headers.hmap -Xcc -I/Users/mulgogi/src/rnp/swift-rnp/Swift-Rnp/Build/Intermediates/Swift-Rnp.build/Direct/MailPlugin.build/MailPlugin-all-non-framework-target-headers.hmap -Xcc -ivfsoverlay -Xcc /Users/mulgogi/src/rnp/swift-rnp/Swift-Rnp/Build/Intermediates/Swift-Rnp.build/Direct/MailPlugin.build/all-product-headers.yaml -Xcc -iquote -Xcc /Users/mulgogi/src/rnp/swift-rnp/Swift-Rnp/Build/Intermediates/Swift-Rnp.build/Direct/MailPlugin.build/MailPlugin-project-headers.hmap -Xcc -I/Users/mulgogi/src/rnp/swift-rnp/Swift-Rnp/Build/Products/Direct/include -Xcc -I/Users/mulgogi/src/rnp/swift-rnp/Swift-Rnp/Build/Intermediates/Swift-Rnp.build/Direct/MailPlugin.build/DerivedSources-normal/x86_64 -Xcc -I/Users/mulgogi/src/rnp/swift-rnp/Swift-Rnp/Build/Intermediates/Swift-Rnp.build/Direct/MailPlugin.build/DerivedSources/x86_64 -Xcc -I/Users/mulgogi/src/rnp/swift-rnp/Swift-Rnp/Build/Intermediates/Swift-Rnp.build/Direct/MailPlugin.build/DerivedSources -emit-objc-header -emit-objc-header-path /Users/mulgogi/src/rnp/swift-rnp/Swift-Rnp/Build/Intermediates/Swift-Rnp.build/Direct/MailPlugin.build/Objects-normal/x86_64/MailPlugin-Swift.h -working-directory /Users/mulgogi/src/rnp/swift-rnp/Swift-Rnp -no-emit-module-separately-wmo

Copy /Users/mulgogi/src/rnp/swift-rnp/Swift-Rnp/Build/Products/Direct/MailPlugin.swiftmodule/arm64-apple-macos.swiftmodule /Users/mulgogi/src/rnp/swift-rnp/Swift-Rnp/Build/Intermediates/Swift-Rnp.build/Direct/MailPlugin.build/Objects-normal/arm64/MailPlugin.swiftmodule (in target 'MailPlugin' from project 'Swift-Rnp')
    cd /Users/mulgogi/src/rnp/swift-rnp/Swift-Rnp
    builtin-copy -exclude .DS_Store -exclude CVS -exclude .svn -exclude .git -exclude .hg -resolve-src-symlinks -rename /Users/mulgogi/src/rnp/swift-rnp/Swift-Rnp/Build/Intermediates/Swift-Rnp.build/Direct/MailPlugin.build/Objects-normal/arm64/MailPlugin.swiftmodule /Users/mulgogi/src/rnp/swift-rnp/Swift-Rnp/Build/Products/Direct/MailPlugin.swiftmodule/arm64-apple-macos.swiftmodule

Copy /Users/mulgogi/src/rnp/swift-rnp/Swift-Rnp/Build/Products/Direct/MailPlugin.swiftmodule/arm64-apple-macos.swiftdoc /Users/mulgogi/src/rnp/swift-rnp/Swift-Rnp/Build/Intermediates/Swift-Rnp.build/Direct/MailPlugin.build/Objects-normal/arm64/MailPlugin.swiftdoc (in target 'MailPlugin' from project 'Swift-Rnp')
    cd /Users/mulgogi/src/rnp/swift-rnp/Swift-Rnp
    builtin-copy -exclude .DS_Store -exclude CVS -exclude .svn -exclude .git -exclude .hg -resolve-src-symlinks -rename /Users/mulgogi/src/rnp/swift-rnp/Swift-Rnp/Build/Intermediates/Swift-Rnp.build/Direct/MailPlugin.build/Objects-normal/arm64/MailPlugin.swiftdoc /Users/mulgogi/src/rnp/swift-rnp/Swift-Rnp/Build/Products/Direct/MailPlugin.swiftmodule/arm64-apple-macos.swiftdoc

Copy /Users/mulgogi/src/rnp/swift-rnp/Swift-Rnp/Build/Products/Direct/MailPlugin.swiftmodule/arm64-apple-macos.abi.json /Users/mulgogi/src/rnp/swift-rnp/Swift-Rnp/Build/Intermediates/Swift-Rnp.build/Direct/MailPlugin.build/Objects-normal/arm64/MailPlugin.abi.json (in target 'MailPlugin' from project 'Swift-Rnp')
    cd /Users/mulgogi/src/rnp/swift-rnp/Swift-Rnp
    builtin-copy -exclude .DS_Store -exclude CVS -exclude .svn -exclude .git -exclude .hg -resolve-src-symlinks -rename /Users/mulgogi/src/rnp/swift-rnp/Swift-Rnp/Build/Intermediates/Swift-Rnp.build/Direct/MailPlugin.build/Objects-normal/arm64/MailPlugin.abi.json /Users/mulgogi/src/rnp/swift-rnp/Swift-Rnp/Build/Products/Direct/MailPlugin.swiftmodule/arm64-apple-macos.abi.json

Copy /Users/mulgogi/src/rnp/swift-rnp/Swift-Rnp/Build/Products/Direct/MailPlugin.swiftmodule/Project/arm64-apple-macos.swiftsourceinfo /Users/mulgogi/src/rnp/swift-rnp/Swift-Rnp/Build/Intermediates/Swift-Rnp.build/Direct/MailPlugin.build/Objects-normal/arm64/MailPlugin.swiftsourceinfo (in target 'MailPlugin' from project 'Swift-Rnp')
    cd /Users/mulgogi/src/rnp/swift-rnp/Swift-Rnp
    builtin-copy -exclude .DS_Store -exclude CVS -exclude .svn -exclude .git -exclude .hg -resolve-src-symlinks -rename /Users/mulgogi/src/rnp/swift-rnp/Swift-Rnp/Build/Intermediates/Swift-Rnp.build/Direct/MailPlugin.build/Objects-normal/arm64/MailPlugin.swiftsourceinfo /Users/mulgogi/src/rnp/swift-rnp/Swift-Rnp/Build/Products/Direct/MailPlugin.swiftmodule/Project/arm64-apple-macos.swiftsourceinfo

SwiftMergeGeneratedHeaders /Users/mulgogi/src/rnp/swift-rnp/Swift-Rnp/Build/Intermediates/Swift-Rnp.build/Direct/MailPlugin.build/DerivedSources/MailPlugin-Swift.h /Users/mulgogi/src/rnp/swift-rnp/Swift-Rnp/Build/Intermediates/Swift-Rnp.build/Direct/MailPlugin.build/Objects-normal/arm64/MailPlugin-Swift.h /Users/mulgogi/src/rnp/swift-rnp/Swift-Rnp/Build/Intermediates/Swift-Rnp.build/Direct/MailPlugin.build/Objects-normal/x86_64/MailPlugin-Swift.h (in target 'MailPlugin' from project 'Swift-Rnp')
    cd /Users/mulgogi/src/rnp/swift-rnp/Swift-Rnp
    builtin-swiftHeaderTool -arch arm64 /Users/mulgogi/src/rnp/swift-rnp/Swift-Rnp/Build/Intermediates/Swift-Rnp.build/Direct/MailPlugin.build/Objects-normal/arm64/MailPlugin-Swift.h -arch x86_64 /Users/mulgogi/src/rnp/swift-rnp/Swift-Rnp/Build/Intermediates/Swift-Rnp.build/Direct/MailPlugin.build/Objects-normal/x86_64/MailPlugin-Swift.h -o /Users/mulgogi/src/rnp/swift-rnp/Swift-Rnp/Build/Intermediates/Swift-Rnp.build/Direct/MailPlugin.build/DerivedSources/MailPlugin-Swift.h

Copy /Users/mulgogi/src/rnp/swift-rnp/Swift-Rnp/Build/Products/Direct/MailPlugin.swiftmodule/x86_64-apple-macos.swiftmodule /Users/mulgogi/src/rnp/swift-rnp/Swift-Rnp/Build/Intermediates/Swift-Rnp.build/Direct/MailPlugin.build/Objects-normal/x86_64/MailPlugin.swiftmodule (in target 'MailPlugin' from project 'Swift-Rnp')
    cd /Users/mulgogi/src/rnp/swift-rnp/Swift-Rnp
    builtin-copy -exclude .DS_Store -exclude CVS -exclude .svn -exclude .git -exclude .hg -resolve-src-symlinks -rename /Users/mulgogi/src/rnp/swift-rnp/Swift-Rnp/Build/Intermediates/Swift-Rnp.build/Direct/MailPlugin.build/Objects-normal/x86_64/MailPlugin.swiftmodule /Users/mulgogi/src/rnp/swift-rnp/Swift-Rnp/Build/Products/Direct/MailPlugin.swiftmodule/x86_64-apple-macos.swiftmodule

Copy /Users/mulgogi/src/rnp/swift-rnp/Swift-Rnp/Build/Products/Direct/MailPlugin.swiftmodule/x86_64-apple-macos.swiftdoc /Users/mulgogi/src/rnp/swift-rnp/Swift-Rnp/Build/Intermediates/Swift-Rnp.build/Direct/MailPlugin.build/Objects-normal/x86_64/MailPlugin.swiftdoc (in target 'MailPlugin' from project 'Swift-Rnp')
    cd /Users/mulgogi/src/rnp/swift-rnp/Swift-Rnp
    builtin-copy -exclude .DS_Store -exclude CVS -exclude .svn -exclude .git -exclude .hg -resolve-src-symlinks -rename /Users/mulgogi/src/rnp/swift-rnp/Swift-Rnp/Build/Intermediates/Swift-Rnp.build/Direct/MailPlugin.build/Objects-normal/x86_64/MailPlugin.swiftdoc /Users/mulgogi/src/rnp/swift-rnp/Swift-Rnp/Build/Products/Direct/MailPlugin.swiftmodule/x86_64-apple-macos.swiftdoc

Copy /Users/mulgogi/src/rnp/swift-rnp/Swift-Rnp/Build/Products/Direct/MailPlugin.swiftmodule/x86_64-apple-macos.abi.json /Users/mulgogi/src/rnp/swift-rnp/Swift-Rnp/Build/Intermediates/Swift-Rnp.build/Direct/MailPlugin.build/Objects-normal/x86_64/MailPlugin.abi.json (in target 'MailPlugin' from project 'Swift-Rnp')
    cd /Users/mulgogi/src/rnp/swift-rnp/Swift-Rnp
    builtin-copy -exclude .DS_Store -exclude CVS -exclude .svn -exclude .git -exclude .hg -resolve-src-symlinks -rename /Users/mulgogi/src/rnp/swift-rnp/Swift-Rnp/Build/Intermediates/Swift-Rnp.build/Direct/MailPlugin.build/Objects-normal/x86_64/MailPlugin.abi.json /Users/mulgogi/src/rnp/swift-rnp/Swift-Rnp/Build/Products/Direct/MailPlugin.swiftmodule/x86_64-apple-macos.abi.json

Copy /Users/mulgogi/src/rnp/swift-rnp/Swift-Rnp/Build/Products/Direct/MailPlugin.swiftmodule/Project/x86_64-apple-macos.swiftsourceinfo /Users/mulgogi/src/rnp/swift-rnp/Swift-Rnp/Build/Intermediates/Swift-Rnp.build/Direct/MailPlugin.build/Objects-normal/x86_64/MailPlugin.swiftsourceinfo (in target 'MailPlugin' from project 'Swift-Rnp')
    cd /Users/mulgogi/src/rnp/swift-rnp/Swift-Rnp
    builtin-copy -exclude .DS_Store -exclude CVS -exclude .svn -exclude .git -exclude .hg -resolve-src-symlinks -rename /Users/mulgogi/src/rnp/swift-rnp/Swift-Rnp/Build/Intermediates/Swift-Rnp.build/Direct/MailPlugin.build/Objects-normal/x86_64/MailPlugin.swiftsourceinfo /Users/mulgogi/src/rnp/swift-rnp/Swift-Rnp/Build/Products/Direct/MailPlugin.swiftmodule/Project/x86_64-apple-macos.swiftsourceinfo

Ld /Users/mulgogi/src/rnp/swift-rnp/Swift-Rnp/Build/Intermediates/Swift-Rnp.build/Direct/MailPlugin.build/Objects-normal/x86_64/Binary/MailPlugin normal x86_64 (in target 'MailPlugin' from project 'Swift-Rnp')
    cd /Users/mulgogi/src/rnp/swift-rnp/Swift-Rnp
    /Applications/Xcode.app/Contents/Developer/Toolchains/XcodeDefault.xctoolchain/usr/bin/clang -Xlinker -reproducible -target x86_64-apple-macos12.0 -isysroot /Applications/Xcode.app/Contents/Developer/Platforms/MacOSX.platform/Developer/SDKs/MacOSX14.0.sdk -Os -L/Users/mulgogi/src/rnp/swift-rnp/Swift-Rnp/Build/Intermediates/EagerLinkingTBDs/Direct -L/Users/mulgogi/src/rnp/swift-rnp/Swift-Rnp/Build/Products/Direct -F/Users/mulgogi/src/rnp/swift-rnp/Swift-Rnp/Build/Intermediates/EagerLinkingTBDs/Direct -F/Users/mulgogi/src/rnp/swift-rnp/Swift-Rnp/Build/Products/Direct/PackageFrameworks -F/Users/mulgogi/src/rnp/swift-rnp/Swift-Rnp/Build/Products/Direct/PackageFrameworks -F/Users/mulgogi/src/rnp/swift-rnp/Swift-Rnp/Build/Products/Direct -F/Users/mulgogi/src/rnp/swift-rnp/Swift-Rnp/../Vendor -filelist /Users/mulgogi/src/rnp/swift-rnp/Swift-Rnp/Build/Intermediates/Swift-Rnp.build/Direct/MailPlugin.build/Objects-normal/x86_64/MailPlugin.LinkFileList -Xlinker -rpath -Xlinker @executable_path/../Frameworks -Xlinker -rpath -Xlinker @loader_path/../Frameworks -Xlinker -object_path_lto -Xlinker /Users/mulgogi/src/rnp/swift-rnp/Swift-Rnp/Build/Intermediates/Swift-Rnp.build/Direct/MailPlugin.build/Objects-normal/x86_64/MailPlugin_lto.o -e _NSExtensionMain -fapplication-extension -fobjc-link-runtime -L/Applications/Xcode.app/Contents/Developer/Toolchains/XcodeDefault.xctoolchain/usr/lib/swift/macosx -L/usr/lib/swift -Xlinker -add_ast_path -Xlinker /Users/mulgogi/src/rnp/swift-rnp/Swift-Rnp/Build/Intermediates/Swift-Rnp.build/Direct/MailPlugin.build/Objects-normal/x86_64/MailPlugin.swiftmodule -F/Users/mulgogi/src/rnp/swift-rnp/Vendor/RNPFramework.xcframework/macos-arm64_x86_64 -framework RNPFramework -framework RNPFramework -Xlinker -dependency_info -Xlinker /Users/mulgogi/src/rnp/swift-rnp/Swift-Rnp/Build/Intermediates/Swift-Rnp.build/Direct/MailPlugin.build/Objects-normal/x86_64/MailPlugin_dependency_info.dat -o /Users/mulgogi/src/rnp/swift-rnp/Swift-Rnp/Build/Intermediates/Swift-Rnp.build/Direct/MailPlugin.build/Objects-normal/x86_64/Binary/MailPlugin -Xlinker -add_ast_path -Xlinker /Users/mulgogi/src/rnp/swift-rnp/Swift-Rnp/Build/Intermediates/swift-rnp.build/Direct/Rnp.build/Objects-normal/x86_64/Rnp.swiftmodule -Xlinker -add_ast_path -Xlinker /Users/mulgogi/src/rnp/swift-rnp/Swift-Rnp/Build/Intermediates/swift-rnp.build/Direct/MailSecurityEngine.build/Objects-normal/x86_64/MailSecurityEngine.swiftmodule

Ld /Users/mulgogi/src/rnp/swift-rnp/Swift-Rnp/Build/Intermediates/Swift-Rnp.build/Direct/MailPlugin.build/Objects-normal/arm64/Binary/MailPlugin normal arm64 (in target 'MailPlugin' from project 'Swift-Rnp')
    cd /Users/mulgogi/src/rnp/swift-rnp/Swift-Rnp
    /Applications/Xcode.app/Contents/Developer/Toolchains/XcodeDefault.xctoolchain/usr/bin/clang -Xlinker -reproducible -target arm64-apple-macos12.0 -isysroot /Applications/Xcode.app/Contents/Developer/Platforms/MacOSX.platform/Developer/SDKs/MacOSX14.0.sdk -Os -L/Users/mulgogi/src/rnp/swift-rnp/Swift-Rnp/Build/Intermediates/EagerLinkingTBDs/Direct -L/Users/mulgogi/src/rnp/swift-rnp/Swift-Rnp/Build/Products/Direct -F/Users/mulgogi/src/rnp/swift-rnp/Swift-Rnp/Build/Intermediates/EagerLinkingTBDs/Direct -F/Users/mulgogi/src/rnp/swift-rnp/Swift-Rnp/Build/Products/Direct/PackageFrameworks -F/Users/mulgogi/src/rnp/swift-rnp/Swift-Rnp/Build/Products/Direct/PackageFrameworks -F/Users/mulgogi/src/rnp/swift-rnp/Swift-Rnp/Build/Products/Direct -F/Users/mulgogi/src/rnp/swift-rnp/Swift-Rnp/../Vendor -filelist /Users/mulgogi/src/rnp/swift-rnp/Swift-Rnp/Build/Intermediates/Swift-Rnp.build/Direct/MailPlugin.build/Objects-normal/arm64/MailPlugin.LinkFileList -Xlinker -rpath -Xlinker @executable_path/../Frameworks -Xlinker -rpath -Xlinker @loader_path/../Frameworks -Xlinker -object_path_lto -Xlinker /Users/mulgogi/src/rnp/swift-rnp/Swift-Rnp/Build/Intermediates/Swift-Rnp.build/Direct/MailPlugin.build/Objects-normal/arm64/MailPlugin_lto.o -e _NSExtensionMain -fapplication-extension -fobjc-link-runtime -L/Applications/Xcode.app/Contents/Developer/Toolchains/XcodeDefault.xctoolchain/usr/lib/swift/macosx -L/usr/lib/swift -Xlinker -add_ast_path -Xlinker /Users/mulgogi/src/rnp/swift-rnp/Swift-Rnp/Build/Intermediates/Swift-Rnp.build/Direct/MailPlugin.build/Objects-normal/arm64/MailPlugin.swiftmodule -F/Users/mulgogi/src/rnp/swift-rnp/Vendor/RNPFramework.xcframework/macos-arm64_x86_64 -framework RNPFramework -framework RNPFramework -Xlinker -dependency_info -Xlinker /Users/mulgogi/src/rnp/swift-rnp/Swift-Rnp/Build/Intermediates/Swift-Rnp.build/Direct/MailPlugin.build/Objects-normal/arm64/MailPlugin_dependency_info.dat -o /Users/mulgogi/src/rnp/swift-rnp/Swift-Rnp/Build/Intermediates/Swift-Rnp.build/Direct/MailPlugin.build/Objects-normal/arm64/Binary/MailPlugin -Xlinker -add_ast_path -Xlinker /Users/mulgogi/src/rnp/swift-rnp/Swift-Rnp/Build/Intermediates/swift-rnp.build/Direct/Rnp.build/Objects-normal/arm64/Rnp.swiftmodule -Xlinker -add_ast_path -Xlinker /Users/mulgogi/src/rnp/swift-rnp/Swift-Rnp/Build/Intermediates/swift-rnp.build/Direct/MailSecurityEngine.build/Objects-normal/arm64/MailSecurityEngine.swiftmodule

WriteAuxiliaryFile /Users/mulgogi/src/rnp/swift-rnp/Swift-Rnp/Build/Intermediates/Swift-Rnp.build/Direct/Ribose\ container.build/Ribose\ container-generated-files.hmap (in target 'Ribose container' from project 'Swift-Rnp')
    cd /Users/mulgogi/src/rnp/swift-rnp/Swift-Rnp
    write-file /Users/mulgogi/src/rnp/swift-rnp/Swift-Rnp/Build/Intermediates/Swift-Rnp.build/Direct/Ribose\ container.build/Ribose\ container-generated-files.hmap

WriteAuxiliaryFile /Users/mulgogi/src/rnp/swift-rnp/Swift-Rnp/Build/Intermediates/Swift-Rnp.build/Direct/Ribose\ container.build/all-product-headers.yaml (in target 'Ribose container' from project 'Swift-Rnp')
    cd /Users/mulgogi/src/rnp/swift-rnp/Swift-Rnp
    write-file /Users/mulgogi/src/rnp/swift-rnp/Swift-Rnp/Build/Intermediates/Swift-Rnp.build/Direct/Ribose\ container.build/all-product-headers.yaml

WriteAuxiliaryFile /Users/mulgogi/src/rnp/swift-rnp/Swift-Rnp/Build/Intermediates/Swift-Rnp.build/Direct/Ribose\ container.build/Ribose\ container-own-target-headers.hmap (in target 'Ribose container' from project 'Swift-Rnp')
    cd /Users/mulgogi/src/rnp/swift-rnp/Swift-Rnp
    write-file /Users/mulgogi/src/rnp/swift-rnp/Swift-Rnp/Build/Intermediates/Swift-Rnp.build/Direct/Ribose\ container.build/Ribose\ container-own-target-headers.hmap

WriteAuxiliaryFile /Users/mulgogi/src/rnp/swift-rnp/Swift-Rnp/Build/Intermediates/Swift-Rnp.build/Direct/Ribose\ container.build/Ribose\ container-all-target-headers.hmap (in target 'Ribose container' from project 'Swift-Rnp')
    cd /Users/mulgogi/src/rnp/swift-rnp/Swift-Rnp
    write-file /Users/mulgogi/src/rnp/swift-rnp/Swift-Rnp/Build/Intermediates/Swift-Rnp.build/Direct/Ribose\ container.build/Ribose\ container-all-target-headers.hmap

WriteAuxiliaryFile /Users/mulgogi/src/rnp/swift-rnp/Swift-Rnp/Build/Intermediates/Swift-Rnp.build/Direct/Ribose\ container.build/Ribose\ container-project-headers.hmap (in target 'Ribose container' from project 'Swift-Rnp')
    cd /Users/mulgogi/src/rnp/swift-rnp/Swift-Rnp
    write-file /Users/mulgogi/src/rnp/swift-rnp/Swift-Rnp/Build/Intermediates/Swift-Rnp.build/Direct/Ribose\ container.build/Ribose\ container-project-headers.hmap

WriteAuxiliaryFile /Users/mulgogi/src/rnp/swift-rnp/Swift-Rnp/Build/Intermediates/Swift-Rnp.build/Direct/Ribose\ container.build/Ribose\ container.hmap (in target 'Ribose container' from project 'Swift-Rnp')
    cd /Users/mulgogi/src/rnp/swift-rnp/Swift-Rnp
    write-file /Users/mulgogi/src/rnp/swift-rnp/Swift-Rnp/Build/Intermediates/Swift-Rnp.build/Direct/Ribose\ container.build/Ribose\ container.hmap

WriteAuxiliaryFile /Users/mulgogi/src/rnp/swift-rnp/Swift-Rnp/Build/Intermediates/Swift-Rnp.build/Direct/Ribose\ container.build/Ribose\ container-all-non-framework-target-headers.hmap (in target 'Ribose container' from project 'Swift-Rnp')
    cd /Users/mulgogi/src/rnp/swift-rnp/Swift-Rnp
    write-file /Users/mulgogi/src/rnp/swift-rnp/Swift-Rnp/Build/Intermediates/Swift-Rnp.build/Direct/Ribose\ container.build/Ribose\ container-all-non-framework-target-headers.hmap

WriteAuxiliaryFile /Users/mulgogi/src/rnp/swift-rnp/Swift-Rnp/Build/Intermediates/Swift-Rnp.build/Direct/Ribose\ container.build/Objects-normal/x86_64/Ribose\ container.SwiftFileList (in target 'Ribose container' from project 'Swift-Rnp')
    cd /Users/mulgogi/src/rnp/swift-rnp/Swift-Rnp
    write-file /Users/mulgogi/src/rnp/swift-rnp/Swift-Rnp/Build/Intermediates/Swift-Rnp.build/Direct/Ribose\ container.build/Objects-normal/x86_64/Ribose\ container.SwiftFileList

WriteAuxiliaryFile /Users/mulgogi/src/rnp/swift-rnp/Swift-Rnp/Build/Intermediates/Swift-Rnp.build/Direct/Ribose\ container.build/Objects-normal/x86_64/Ribose\ container-OutputFileMap.json (in target 'Ribose container' from project 'Swift-Rnp')
    cd /Users/mulgogi/src/rnp/swift-rnp/Swift-Rnp
    write-file /Users/mulgogi/src/rnp/swift-rnp/Swift-Rnp/Build/Intermediates/Swift-Rnp.build/Direct/Ribose\ container.build/Objects-normal/x86_64/Ribose\ container-OutputFileMap.json

WriteAuxiliaryFile /Users/mulgogi/src/rnp/swift-rnp/Swift-Rnp/Build/Intermediates/Swift-Rnp.build/Direct/Ribose\ container.build/Objects-normal/x86_64/Ribose\ container_const_extract_protocols.json (in target 'Ribose container' from project 'Swift-Rnp')
    cd /Users/mulgogi/src/rnp/swift-rnp/Swift-Rnp
    write-file /Users/mulgogi/src/rnp/swift-rnp/Swift-Rnp/Build/Intermediates/Swift-Rnp.build/Direct/Ribose\ container.build/Objects-normal/x86_64/Ribose\ container_const_extract_protocols.json

WriteAuxiliaryFile /Users/mulgogi/src/rnp/swift-rnp/Swift-Rnp/Build/Intermediates/Swift-Rnp.build/Direct/Ribose\ container.build/Objects-normal/arm64/Ribose\ container_const_extract_protocols.json (in target 'Ribose container' from project 'Swift-Rnp')
    cd /Users/mulgogi/src/rnp/swift-rnp/Swift-Rnp
    write-file /Users/mulgogi/src/rnp/swift-rnp/Swift-Rnp/Build/Intermediates/Swift-Rnp.build/Direct/Ribose\ container.build/Objects-normal/arm64/Ribose\ container_const_extract_protocols.json

WriteAuxiliaryFile /Users/mulgogi/src/rnp/swift-rnp/Swift-Rnp/Build/Intermediates/Swift-Rnp.build/Direct/Ribose\ container.build/Objects-normal/arm64/Ribose\ container.SwiftFileList (in target 'Ribose container' from project 'Swift-Rnp')
    cd /Users/mulgogi/src/rnp/swift-rnp/Swift-Rnp
    write-file /Users/mulgogi/src/rnp/swift-rnp/Swift-Rnp/Build/Intermediates/Swift-Rnp.build/Direct/Ribose\ container.build/Objects-normal/arm64/Ribose\ container.SwiftFileList

WriteAuxiliaryFile /Users/mulgogi/src/rnp/swift-rnp/Swift-Rnp/Build/Intermediates/Swift-Rnp.build/Direct/Ribose\ container.build/Objects-normal/arm64/Ribose\ container-OutputFileMap.json (in target 'Ribose container' from project 'Swift-Rnp')
    cd /Users/mulgogi/src/rnp/swift-rnp/Swift-Rnp
    write-file /Users/mulgogi/src/rnp/swift-rnp/Swift-Rnp/Build/Intermediates/Swift-Rnp.build/Direct/Ribose\ container.build/Objects-normal/arm64/Ribose\ container-OutputFileMap.json

CompileAssetCatalog /Users/mulgogi/src/rnp/swift-rnp/Swift-Rnp/Build/Products/Direct/Ribose\ container.app/Contents/Resources /Users/mulgogi/src/rnp/swift-rnp/Swift-Rnp/MailExtensionsContainer/Preview\ Content/Preview\ Assets.xcassets /Users/mulgogi/src/rnp/swift-rnp/Swift-Rnp/MailExtensionsContainer/Assets.xcassets (in target 'Ribose container' from project 'Swift-Rnp')
    cd /Users/mulgogi/src/rnp/swift-rnp/Swift-Rnp
    /Applications/Xcode.app/Contents/Developer/usr/bin/actool --output-format human-readable-text --notices --warnings --export-dependency-info /Users/mulgogi/src/rnp/swift-rnp/Swift-Rnp/Build/Intermediates/Swift-Rnp.build/Direct/Ribose\ container.build/assetcatalog_dependencies --output-partial-info-plist /Users/mulgogi/src/rnp/swift-rnp/Swift-Rnp/Build/Intermediates/Swift-Rnp.build/Direct/Ribose\ container.build/assetcatalog_generated_info.plist --app-icon AppIcon --accent-color AccentColor --enable-on-demand-resources NO --development-region en --target-device mac --minimum-deployment-target 12.0 --platform macosx --compile /Users/mulgogi/src/rnp/swift-rnp/Swift-Rnp/Build/Products/Direct/Ribose\ container.app/Contents/Resources /Users/mulgogi/src/rnp/swift-rnp/Swift-Rnp/MailExtensionsContainer/Preview\ Content/Preview\ Assets.xcassets /Users/mulgogi/src/rnp/swift-rnp/Swift-Rnp/MailExtensionsContainer/Assets.xcassets
/* com.apple.actool.compilation-results */
/Users/mulgogi/src/rnp/swift-rnp/Swift-Rnp/Build/Intermediates/Swift-Rnp.build/Direct/Ribose container.build/assetcatalog_generated_info.plist


GenerateAssetSymbols /Users/mulgogi/src/rnp/swift-rnp/Swift-Rnp/MailExtensionsContainer/Preview\ Content/Preview\ Assets.xcassets /Users/mulgogi/src/rnp/swift-rnp/Swift-Rnp/MailExtensionsContainer/Assets.xcassets (in target 'Ribose container' from project 'Swift-Rnp')
    cd /Users/mulgogi/src/rnp/swift-rnp/Swift-Rnp
    /Applications/Xcode.app/Contents/Developer/usr/bin/actool --output-format human-readable-text --notices --warnings --export-dependency-info /Users/mulgogi/src/rnp/swift-rnp/Swift-Rnp/Build/Intermediates/Swift-Rnp.build/Direct/Ribose\ container.build/assetcatalog_dependencies --output-partial-info-plist /Users/mulgogi/src/rnp/swift-rnp/Swift-Rnp/Build/Intermediates/Swift-Rnp.build/Direct/Ribose\ container.build/assetcatalog_generated_info.plist --app-icon AppIcon --accent-color AccentColor --enable-on-demand-resources NO --development-region en --target-device mac --minimum-deployment-target 12.0 --platform macosx --compile /Users/mulgogi/src/rnp/swift-rnp/Swift-Rnp/Build/Products/Direct/Ribose\ container.app/Contents/Resources /Users/mulgogi/src/rnp/swift-rnp/Swift-Rnp/MailExtensionsContainer/Preview\ Content/Preview\ Assets.xcassets /Users/mulgogi/src/rnp/swift-rnp/Swift-Rnp/MailExtensionsContainer/Assets.xcassets --bundle-identifier com.rnpgp.RnpMail --generate-swift-asset-symbol-extensions NO --generate-swift-asset-symbols /Users/mulgogi/src/rnp/swift-rnp/Swift-Rnp/Build/Intermediates/Swift-Rnp.build/Direct/Ribose\ container.build/DerivedSources/GeneratedAssetSymbols.swift --generate-objc-asset-symbols /Users/mulgogi/src/rnp/swift-rnp/Swift-Rnp/Build/Intermediates/Swift-Rnp.build/Direct/Ribose\ container.build/DerivedSources/GeneratedAssetSymbols.h --generate-asset-symbol-index /Users/mulgogi/src/rnp/swift-rnp/Swift-Rnp/Build/Intermediates/Swift-Rnp.build/Direct/Ribose\ container.build/DerivedSources/GeneratedAssetSymbols-Index.plist
/* com.apple.actool.compilation-results */
/Users/mulgogi/src/rnp/swift-rnp/Swift-Rnp/Build/Intermediates/Swift-Rnp.build/Direct/Ribose container.build/DerivedSources/GeneratedAssetSymbols-Index.plist
/Users/mulgogi/src/rnp/swift-rnp/Swift-Rnp/Build/Intermediates/Swift-Rnp.build/Direct/Ribose container.build/DerivedSources/GeneratedAssetSymbols.h
/Users/mulgogi/src/rnp/swift-rnp/Swift-Rnp/Build/Intermediates/Swift-Rnp.build/Direct/Ribose container.build/DerivedSources/GeneratedAssetSymbols.swift


CreateUniversalBinary /Users/mulgogi/src/rnp/swift-rnp/Swift-Rnp/Build/Products/Direct/MailPlugin.appex/Contents/MacOS/MailPlugin normal arm64\ x86_64 (in target 'MailPlugin' from project 'Swift-Rnp')
    cd /Users/mulgogi/src/rnp/swift-rnp/Swift-Rnp
    /Applications/Xcode.app/Contents/Developer/Toolchains/XcodeDefault.xctoolchain/usr/bin/lipo -create /Users/mulgogi/src/rnp/swift-rnp/Swift-Rnp/Build/Intermediates/Swift-Rnp.build/Direct/MailPlugin.build/Objects-normal/arm64/Binary/MailPlugin /Users/mulgogi/src/rnp/swift-rnp/Swift-Rnp/Build/Intermediates/Swift-Rnp.build/Direct/MailPlugin.build/Objects-normal/x86_64/Binary/MailPlugin -output /Users/mulgogi/src/rnp/swift-rnp/Swift-Rnp/Build/Products/Direct/MailPlugin.appex/Contents/MacOS/MailPlugin

GenerateDSYMFile /Users/mulgogi/src/rnp/swift-rnp/Swift-Rnp/Build/Products/Direct/MailPlugin.appex.dSYM /Users/mulgogi/src/rnp/swift-rnp/Swift-Rnp/Build/Products/Direct/MailPlugin.appex/Contents/MacOS/MailPlugin (in target 'MailPlugin' from project 'Swift-Rnp')
    cd /Users/mulgogi/src/rnp/swift-rnp/Swift-Rnp
    /Applications/Xcode.app/Contents/Developer/Toolchains/XcodeDefault.xctoolchain/usr/bin/dsymutil /Users/mulgogi/src/rnp/swift-rnp/Swift-Rnp/Build/Products/Direct/MailPlugin.appex/Contents/MacOS/MailPlugin -o /Users/mulgogi/src/rnp/swift-rnp/Swift-Rnp/Build/Products/Direct/MailPlugin.appex.dSYM

Copy /Users/mulgogi/src/rnp/swift-rnp/Swift-Rnp/Build/Products/Direct/MailPlugin.appex/Contents/Frameworks/RNPFramework.framework /Users/mulgogi/src/rnp/swift-rnp/Vendor/RNPFramework.xcframework/macos-arm64_x86_64/RNPFramework.framework (in target 'MailPlugin' from project 'Swift-Rnp')
    cd /Users/mulgogi/src/rnp/swift-rnp/Swift-Rnp
    builtin-copy -exclude .DS_Store -exclude CVS -exclude .svn -exclude .git -exclude .hg -exclude Headers -exclude PrivateHeaders -exclude Modules -exclude \*.tbd -resolve-src-symlinks -remove-static-executable /Users/mulgogi/src/rnp/swift-rnp/Vendor/RNPFramework.xcframework/macos-arm64_x86_64/RNPFramework.framework /Users/mulgogi/src/rnp/swift-rnp/Swift-Rnp/Build/Products/Direct/MailPlugin.appex/Contents/Frameworks

ExtractAppIntentsMetadata (in target 'MailPlugin' from project 'Swift-Rnp')
    cd /Users/mulgogi/src/rnp/swift-rnp/Swift-Rnp
    /Applications/Xcode.app/Contents/Developer/Toolchains/XcodeDefault.xctoolchain/usr/bin/appintentsmetadataprocessor --output /Users/mulgogi/src/rnp/swift-rnp/Swift-Rnp/Build/Products/Direct/MailPlugin.appex/Contents/Resources --toolchain-dir /Applications/Xcode.app/Contents/Developer/Toolchains/XcodeDefault.xctoolchain --module-name MailPlugin --sdk-root /Applications/Xcode.app/Contents/Developer/Platforms/MacOSX.platform/Developer/SDKs/MacOSX14.0.sdk --target-triple arm64-apple-macos12.0 --target-triple x86_64-apple-macos12.0 --source-files /Users/mulgogi/src/rnp/swift-rnp/Swift-Rnp/MailPlugin/MailExtension.swift --source-files /Users/mulgogi/src/rnp/swift-rnp/Swift-Rnp/MailPlugin/MessageSecurityHandler.swift --source-files /Users/mulgogi/src/rnp/swift-rnp/Swift-Rnp/MailPlugin/MessageSecurityViewController.swift --source-files /Users/mulgogi/src/rnp/swift-rnp/Swift-Rnp/Shared/AppGroup.swift --source-files /Users/mulgogi/src/rnp/swift-rnp/Swift-Rnp/Shared/KeychainPassphraseStore.swift --binary-file /Users/mulgogi/src/rnp/swift-rnp/Swift-Rnp/Build/Products/Direct/MailPlugin.appex/Contents/MacOS/MailPlugin --dependency-file /Users/mulgogi/src/rnp/swift-rnp/Swift-Rnp/Build/Intermediates/Swift-Rnp.build/Direct/MailPlugin.build/Objects-normal/arm64/MailPlugin_dependency_info.dat --dependency-file /Users/mulgogi/src/rnp/swift-rnp/Swift-Rnp/Build/Intermediates/Swift-Rnp.build/Direct/MailPlugin.build/Objects-normal/x86_64/MailPlugin_dependency_info.dat --swift-const-vals /Users/mulgogi/src/rnp/swift-rnp/Swift-Rnp/Build/Intermediates/Swift-Rnp.build/Direct/MailPlugin.build/Objects-normal/arm64/MailPlugin-master.swiftconstvalues --stringsdata-file /Users/mulgogi/src/rnp/swift-rnp/Swift-Rnp/Build/Intermediates/Swift-Rnp.build/Direct/MailPlugin.build/Objects-normal/arm64/ExtractedAppShortcutsMetadata.stringsdata --stringsdata-file /Users/mulgogi/src/rnp/swift-rnp/Swift-Rnp/Build/Intermediates/Swift-Rnp.build/Direct/MailPlugin.build/Objects-normal/x86_64/ExtractedAppShortcutsMetadata.stringsdata --compile-time-extraction
note: Metadata extraction skipped. No AppIntents.framework dependency found. (in target 'MailPlugin' from project 'Swift-Rnp')

SwiftDriver Ribose\ container normal arm64 com.apple.xcode.tools.swift.compiler (in target 'Ribose container' from project 'Swift-Rnp')
    cd /Users/mulgogi/src/rnp/swift-rnp/Swift-Rnp
    builtin-SwiftDriver -- /Applications/Xcode.app/Contents/Developer/Toolchains/XcodeDefault.xctoolchain/usr/bin/swiftc -module-name Ribose_container -O -whole-module-optimization -enforce-exclusivity\=checked @/Users/mulgogi/src/rnp/swift-rnp/Swift-Rnp/Build/Intermediates/Swift-Rnp.build/Direct/Ribose\ container.build/Objects-normal/arm64/Ribose\ container.SwiftFileList -Xcc -fmodule-map-file\=/Users/mulgogi/src/rnp/swift-rnp/Sources/CRnp/module.modulemap -I/Users/mulgogi/src/rnp/swift-rnp/Vendor/RNPFramework.xcframework/macos-arm64_x86_64/RNPFramework.framework/Headers -sdk /Applications/Xcode.app/Contents/Developer/Platforms/MacOSX.platform/Developer/SDKs/MacOSX14.0.sdk -target arm64-apple-macos12.0 -enable-bare-slash-regex -g -module-cache-path /Users/mulgogi/Library/Developer/Xcode/DerivedData/ModuleCache.noindex -Xfrontend -serialize-debugging-options -swift-version 5 -I /Users/mulgogi/src/rnp/swift-rnp/Swift-Rnp/Build/Products/Direct -F /Users/mulgogi/src/rnp/swift-rnp/Swift-Rnp/Build/Products/Direct/PackageFrameworks -F /Users/mulgogi/src/rnp/swift-rnp/Swift-Rnp/Build/Products/Direct/PackageFrameworks -F /Users/mulgogi/src/rnp/swift-rnp/Swift-Rnp/Build/Products/Direct -F /Users/mulgogi/src/rnp/swift-rnp/Vendor -emit-localized-strings -emit-localized-strings-path /Users/mulgogi/src/rnp/swift-rnp/Swift-Rnp/Build/Intermediates/Swift-Rnp.build/Direct/Ribose\ container.build/Objects-normal/arm64 -c -num-threads 10 -output-file-map /Users/mulgogi/src/rnp/swift-rnp/Swift-Rnp/Build/Intermediates/Swift-Rnp.build/Direct/Ribose\ container.build/Objects-normal/arm64/Ribose\ container-OutputFileMap.json -use-frontend-parseable-output -save-temps -no-color-diagnostics -serialize-diagnostics -emit-dependencies -emit-module -emit-module-path /Users/mulgogi/src/rnp/swift-rnp/Swift-Rnp/Build/Intermediates/Swift-Rnp.build/Direct/Ribose\ container.build/Objects-normal/arm64/Ribose_container.swiftmodule -validate-clang-modules-once -clang-build-session-file /Users/mulgogi/Library/Developer/Xcode/DerivedData/ModuleCache.noindex/Session.modulevalidation -Xcc -I/Users/mulgogi/src/rnp/swift-rnp/Swift-Rnp/Build/Intermediates/Swift-Rnp.build/Direct/Ribose\ container.build/swift-overrides.hmap -emit-const-values -Xfrontend -const-gather-protocols-file -Xfrontend /Users/mulgogi/src/rnp/swift-rnp/Swift-Rnp/Build/Intermediates/Swift-Rnp.build/Direct/Ribose\ container.build/Objects-normal/arm64/Ribose\ container_const_extract_protocols.json -Xcc -iquote -Xcc /Users/mulgogi/src/rnp/swift-rnp/Swift-Rnp/Build/Intermediates/Swift-Rnp.build/Direct/Ribose\ container.build/Ribose\ container-generated-files.hmap -Xcc -I/Users/mulgogi/src/rnp/swift-rnp/Swift-Rnp/Build/Intermediates/Swift-Rnp.build/Direct/Ribose\ container.build/Ribose\ container-own-target-headers.hmap -Xcc -I/Users/mulgogi/src/rnp/swift-rnp/Swift-Rnp/Build/Intermediates/Swift-Rnp.build/Direct/Ribose\ container.build/Ribose\ container-all-non-framework-target-headers.hmap -Xcc -ivfsoverlay -Xcc /Users/mulgogi/src/rnp/swift-rnp/Swift-Rnp/Build/Intermediates/Swift-Rnp.build/Direct/Ribose\ container.build/all-product-headers.yaml -Xcc -iquote -Xcc /Users/mulgogi/src/rnp/swift-rnp/Swift-Rnp/Build/Intermediates/Swift-Rnp.build/Direct/Ribose\ container.build/Ribose\ container-project-headers.hmap -Xcc -I/Users/mulgogi/src/rnp/swift-rnp/Swift-Rnp/Build/Products/Direct/include -Xcc -I/Users/mulgogi/src/rnp/swift-rnp/Swift-Rnp/Build/Intermediates/Swift-Rnp.build/Direct/Ribose\ container.build/DerivedSources-normal/arm64 -Xcc -I/Users/mulgogi/src/rnp/swift-rnp/Swift-Rnp/Build/Intermediates/Swift-Rnp.build/Direct/Ribose\ container.build/DerivedSources/arm64 -Xcc -I/Users/mulgogi/src/rnp/swift-rnp/Swift-Rnp/Build/Intermediates/Swift-Rnp.build/Direct/Ribose\ container.build/DerivedSources -emit-objc-header -emit-objc-header-path /Users/mulgogi/src/rnp/swift-rnp/Swift-Rnp/Build/Intermediates/Swift-Rnp.build/Direct/Ribose\ container.build/Objects-normal/arm64/Ribose_container-Swift.h -working-directory /Users/mulgogi/src/rnp/swift-rnp/Swift-Rnp -no-emit-module-separately-wmo

SwiftDriver Ribose\ container normal x86_64 com.apple.xcode.tools.swift.compiler (in target 'Ribose container' from project 'Swift-Rnp')
    cd /Users/mulgogi/src/rnp/swift-rnp/Swift-Rnp
    builtin-SwiftDriver -- /Applications/Xcode.app/Contents/Developer/Toolchains/XcodeDefault.xctoolchain/usr/bin/swiftc -module-name Ribose_container -O -whole-module-optimization -enforce-exclusivity\=checked @/Users/mulgogi/src/rnp/swift-rnp/Swift-Rnp/Build/Intermediates/Swift-Rnp.build/Direct/Ribose\ container.build/Objects-normal/x86_64/Ribose\ container.SwiftFileList -Xcc -fmodule-map-file\=/Users/mulgogi/src/rnp/swift-rnp/Sources/CRnp/module.modulemap -I/Users/mulgogi/src/rnp/swift-rnp/Vendor/RNPFramework.xcframework/macos-arm64_x86_64/RNPFramework.framework/Headers -sdk /Applications/Xcode.app/Contents/Developer/Platforms/MacOSX.platform/Developer/SDKs/MacOSX14.0.sdk -target x86_64-apple-macos12.0 -enable-bare-slash-regex -g -module-cache-path /Users/mulgogi/Library/Developer/Xcode/DerivedData/ModuleCache.noindex -Xfrontend -serialize-debugging-options -swift-version 5 -I /Users/mulgogi/src/rnp/swift-rnp/Swift-Rnp/Build/Products/Direct -F /Users/mulgogi/src/rnp/swift-rnp/Swift-Rnp/Build/Products/Direct/PackageFrameworks -F /Users/mulgogi/src/rnp/swift-rnp/Swift-Rnp/Build/Products/Direct/PackageFrameworks -F /Users/mulgogi/src/rnp/swift-rnp/Swift-Rnp/Build/Products/Direct -F /Users/mulgogi/src/rnp/swift-rnp/Vendor -emit-localized-strings -emit-localized-strings-path /Users/mulgogi/src/rnp/swift-rnp/Swift-Rnp/Build/Intermediates/Swift-Rnp.build/Direct/Ribose\ container.build/Objects-normal/x86_64 -c -num-threads 10 -output-file-map /Users/mulgogi/src/rnp/swift-rnp/Swift-Rnp/Build/Intermediates/Swift-Rnp.build/Direct/Ribose\ container.build/Objects-normal/x86_64/Ribose\ container-OutputFileMap.json -use-frontend-parseable-output -save-temps -no-color-diagnostics -serialize-diagnostics -emit-dependencies -emit-module -emit-module-path /Users/mulgogi/src/rnp/swift-rnp/Swift-Rnp/Build/Intermediates/Swift-Rnp.build/Direct/Ribose\ container.build/Objects-normal/x86_64/Ribose_container.swiftmodule -validate-clang-modules-once -clang-build-session-file /Users/mulgogi/Library/Developer/Xcode/DerivedData/ModuleCache.noindex/Session.modulevalidation -Xcc -I/Users/mulgogi/src/rnp/swift-rnp/Swift-Rnp/Build/Intermediates/Swift-Rnp.build/Direct/Ribose\ container.build/swift-overrides.hmap -emit-const-values -Xfrontend -const-gather-protocols-file -Xfrontend /Users/mulgogi/src/rnp/swift-rnp/Swift-Rnp/Build/Intermediates/Swift-Rnp.build/Direct/Ribose\ container.build/Objects-normal/x86_64/Ribose\ container_const_extract_protocols.json -Xcc -iquote -Xcc /Users/mulgogi/src/rnp/swift-rnp/Swift-Rnp/Build/Intermediates/Swift-Rnp.build/Direct/Ribose\ container.build/Ribose\ container-generated-files.hmap -Xcc -I/Users/mulgogi/src/rnp/swift-rnp/Swift-Rnp/Build/Intermediates/Swift-Rnp.build/Direct/Ribose\ container.build/Ribose\ container-own-target-headers.hmap -Xcc -I/Users/mulgogi/src/rnp/swift-rnp/Swift-Rnp/Build/Intermediates/Swift-Rnp.build/Direct/Ribose\ container.build/Ribose\ container-all-non-framework-target-headers.hmap -Xcc -ivfsoverlay -Xcc /Users/mulgogi/src/rnp/swift-rnp/Swift-Rnp/Build/Intermediates/Swift-Rnp.build/Direct/Ribose\ container.build/all-product-headers.yaml -Xcc -iquote -Xcc /Users/mulgogi/src/rnp/swift-rnp/Swift-Rnp/Build/Intermediates/Swift-Rnp.build/Direct/Ribose\ container.build/Ribose\ container-project-headers.hmap -Xcc -I/Users/mulgogi/src/rnp/swift-rnp/Swift-Rnp/Build/Products/Direct/include -Xcc -I/Users/mulgogi/src/rnp/swift-rnp/Swift-Rnp/Build/Intermediates/Swift-Rnp.build/Direct/Ribose\ container.build/DerivedSources-normal/x86_64 -Xcc -I/Users/mulgogi/src/rnp/swift-rnp/Swift-Rnp/Build/Intermediates/Swift-Rnp.build/Direct/Ribose\ container.build/DerivedSources/x86_64 -Xcc -I/Users/mulgogi/src/rnp/swift-rnp/Swift-Rnp/Build/Intermediates/Swift-Rnp.build/Direct/Ribose\ container.build/DerivedSources -emit-objc-header -emit-objc-header-path /Users/mulgogi/src/rnp/swift-rnp/Swift-Rnp/Build/Intermediates/Swift-Rnp.build/Direct/Ribose\ container.build/Objects-normal/x86_64/Ribose_container-Swift.h -working-directory /Users/mulgogi/src/rnp/swift-rnp/Swift-Rnp -no-emit-module-separately-wmo

SwiftDriver\ Compilation Ribose\ container normal x86_64 com.apple.xcode.tools.swift.compiler (in target 'Ribose container' from project 'Swift-Rnp')
    cd /Users/mulgogi/src/rnp/swift-rnp/Swift-Rnp
    builtin-Swift-Compilation -- /Applications/Xcode.app/Contents/Developer/Toolchains/XcodeDefault.xctoolchain/usr/bin/swiftc -module-name Ribose_container -O -whole-module-optimization -enforce-exclusivity\=checked @/Users/mulgogi/src/rnp/swift-rnp/Swift-Rnp/Build/Intermediates/Swift-Rnp.build/Direct/Ribose\ container.build/Objects-normal/x86_64/Ribose\ container.SwiftFileList -Xcc -fmodule-map-file\=/Users/mulgogi/src/rnp/swift-rnp/Sources/CRnp/module.modulemap -I/Users/mulgogi/src/rnp/swift-rnp/Vendor/RNPFramework.xcframework/macos-arm64_x86_64/RNPFramework.framework/Headers -sdk /Applications/Xcode.app/Contents/Developer/Platforms/MacOSX.platform/Developer/SDKs/MacOSX14.0.sdk -target x86_64-apple-macos12.0 -enable-bare-slash-regex -g -module-cache-path /Users/mulgogi/Library/Developer/Xcode/DerivedData/ModuleCache.noindex -Xfrontend -serialize-debugging-options -swift-version 5 -I /Users/mulgogi/src/rnp/swift-rnp/Swift-Rnp/Build/Products/Direct -F /Users/mulgogi/src/rnp/swift-rnp/Swift-Rnp/Build/Products/Direct/PackageFrameworks -F /Users/mulgogi/src/rnp/swift-rnp/Swift-Rnp/Build/Products/Direct/PackageFrameworks -F /Users/mulgogi/src/rnp/swift-rnp/Swift-Rnp/Build/Products/Direct -F /Users/mulgogi/src/rnp/swift-rnp/Vendor -emit-localized-strings -emit-localized-strings-path /Users/mulgogi/src/rnp/swift-rnp/Swift-Rnp/Build/Intermediates/Swift-Rnp.build/Direct/Ribose\ container.build/Objects-normal/x86_64 -c -num-threads 10 -output-file-map /Users/mulgogi/src/rnp/swift-rnp/Swift-Rnp/Build/Intermediates/Swift-Rnp.build/Direct/Ribose\ container.build/Objects-normal/x86_64/Ribose\ container-OutputFileMap.json -use-frontend-parseable-output -save-temps -no-color-diagnostics -serialize-diagnostics -emit-dependencies -emit-module -emit-module-path /Users/mulgogi/src/rnp/swift-rnp/Swift-Rnp/Build/Intermediates/Swift-Rnp.build/Direct/Ribose\ container.build/Objects-normal/x86_64/Ribose_container.swiftmodule -validate-clang-modules-once -clang-build-session-file /Users/mulgogi/Library/Developer/Xcode/DerivedData/ModuleCache.noindex/Session.modulevalidation -Xcc -I/Users/mulgogi/src/rnp/swift-rnp/Swift-Rnp/Build/Intermediates/Swift-Rnp.build/Direct/Ribose\ container.build/swift-overrides.hmap -emit-const-values -Xfrontend -const-gather-protocols-file -Xfrontend /Users/mulgogi/src/rnp/swift-rnp/Swift-Rnp/Build/Intermediates/Swift-Rnp.build/Direct/Ribose\ container.build/Objects-normal/x86_64/Ribose\ container_const_extract_protocols.json -Xcc -iquote -Xcc /Users/mulgogi/src/rnp/swift-rnp/Swift-Rnp/Build/Intermediates/Swift-Rnp.build/Direct/Ribose\ container.build/Ribose\ container-generated-files.hmap -Xcc -I/Users/mulgogi/src/rnp/swift-rnp/Swift-Rnp/Build/Intermediates/Swift-Rnp.build/Direct/Ribose\ container.build/Ribose\ container-own-target-headers.hmap -Xcc -I/Users/mulgogi/src/rnp/swift-rnp/Swift-Rnp/Build/Intermediates/Swift-Rnp.build/Direct/Ribose\ container.build/Ribose\ container-all-non-framework-target-headers.hmap -Xcc -ivfsoverlay -Xcc /Users/mulgogi/src/rnp/swift-rnp/Swift-Rnp/Build/Intermediates/Swift-Rnp.build/Direct/Ribose\ container.build/all-product-headers.yaml -Xcc -iquote -Xcc /Users/mulgogi/src/rnp/swift-rnp/Swift-Rnp/Build/Intermediates/Swift-Rnp.build/Direct/Ribose\ container.build/Ribose\ container-project-headers.hmap -Xcc -I/Users/mulgogi/src/rnp/swift-rnp/Swift-Rnp/Build/Products/Direct/include -Xcc -I/Users/mulgogi/src/rnp/swift-rnp/Swift-Rnp/Build/Intermediates/Swift-Rnp.build/Direct/Ribose\ container.build/DerivedSources-normal/x86_64 -Xcc -I/Users/mulgogi/src/rnp/swift-rnp/Swift-Rnp/Build/Intermediates/Swift-Rnp.build/Direct/Ribose\ container.build/DerivedSources/x86_64 -Xcc -I/Users/mulgogi/src/rnp/swift-rnp/Swift-Rnp/Build/Intermediates/Swift-Rnp.build/Direct/Ribose\ container.build/DerivedSources -emit-objc-header -emit-objc-header-path /Users/mulgogi/src/rnp/swift-rnp/Swift-Rnp/Build/Intermediates/Swift-Rnp.build/Direct/Ribose\ container.build/Objects-normal/x86_64/Ribose_container-Swift.h -working-directory /Users/mulgogi/src/rnp/swift-rnp/Swift-Rnp -no-emit-module-separately-wmo

SwiftDriver\ Compilation Ribose\ container normal arm64 com.apple.xcode.tools.swift.compiler (in target 'Ribose container' from project 'Swift-Rnp')
    cd /Users/mulgogi/src/rnp/swift-rnp/Swift-Rnp
    builtin-Swift-Compilation -- /Applications/Xcode.app/Contents/Developer/Toolchains/XcodeDefault.xctoolchain/usr/bin/swiftc -module-name Ribose_container -O -whole-module-optimization -enforce-exclusivity\=checked @/Users/mulgogi/src/rnp/swift-rnp/Swift-Rnp/Build/Intermediates/Swift-Rnp.build/Direct/Ribose\ container.build/Objects-normal/arm64/Ribose\ container.SwiftFileList -Xcc -fmodule-map-file\=/Users/mulgogi/src/rnp/swift-rnp/Sources/CRnp/module.modulemap -I/Users/mulgogi/src/rnp/swift-rnp/Vendor/RNPFramework.xcframework/macos-arm64_x86_64/RNPFramework.framework/Headers -sdk /Applications/Xcode.app/Contents/Developer/Platforms/MacOSX.platform/Developer/SDKs/MacOSX14.0.sdk -target arm64-apple-macos12.0 -enable-bare-slash-regex -g -module-cache-path /Users/mulgogi/Library/Developer/Xcode/DerivedData/ModuleCache.noindex -Xfrontend -serialize-debugging-options -swift-version 5 -I /Users/mulgogi/src/rnp/swift-rnp/Swift-Rnp/Build/Products/Direct -F /Users/mulgogi/src/rnp/swift-rnp/Swift-Rnp/Build/Products/Direct/PackageFrameworks -F /Users/mulgogi/src/rnp/swift-rnp/Swift-Rnp/Build/Products/Direct/PackageFrameworks -F /Users/mulgogi/src/rnp/swift-rnp/Swift-Rnp/Build/Products/Direct -F /Users/mulgogi/src/rnp/swift-rnp/Vendor -emit-localized-strings -emit-localized-strings-path /Users/mulgogi/src/rnp/swift-rnp/Swift-Rnp/Build/Intermediates/Swift-Rnp.build/Direct/Ribose\ container.build/Objects-normal/arm64 -c -num-threads 10 -output-file-map /Users/mulgogi/src/rnp/swift-rnp/Swift-Rnp/Build/Intermediates/Swift-Rnp.build/Direct/Ribose\ container.build/Objects-normal/arm64/Ribose\ container-OutputFileMap.json -use-frontend-parseable-output -save-temps -no-color-diagnostics -serialize-diagnostics -emit-dependencies -emit-module -emit-module-path /Users/mulgogi/src/rnp/swift-rnp/Swift-Rnp/Build/Intermediates/Swift-Rnp.build/Direct/Ribose\ container.build/Objects-normal/arm64/Ribose_container.swiftmodule -validate-clang-modules-once -clang-build-session-file /Users/mulgogi/Library/Developer/Xcode/DerivedData/ModuleCache.noindex/Session.modulevalidation -Xcc -I/Users/mulgogi/src/rnp/swift-rnp/Swift-Rnp/Build/Intermediates/Swift-Rnp.build/Direct/Ribose\ container.build/swift-overrides.hmap -emit-const-values -Xfrontend -const-gather-protocols-file -Xfrontend /Users/mulgogi/src/rnp/swift-rnp/Swift-Rnp/Build/Intermediates/Swift-Rnp.build/Direct/Ribose\ container.build/Objects-normal/arm64/Ribose\ container_const_extract_protocols.json -Xcc -iquote -Xcc /Users/mulgogi/src/rnp/swift-rnp/Swift-Rnp/Build/Intermediates/Swift-Rnp.build/Direct/Ribose\ container.build/Ribose\ container-generated-files.hmap -Xcc -I/Users/mulgogi/src/rnp/swift-rnp/Swift-Rnp/Build/Intermediates/Swift-Rnp.build/Direct/Ribose\ container.build/Ribose\ container-own-target-headers.hmap -Xcc -I/Users/mulgogi/src/rnp/swift-rnp/Swift-Rnp/Build/Intermediates/Swift-Rnp.build/Direct/Ribose\ container.build/Ribose\ container-all-non-framework-target-headers.hmap -Xcc -ivfsoverlay -Xcc /Users/mulgogi/src/rnp/swift-rnp/Swift-Rnp/Build/Intermediates/Swift-Rnp.build/Direct/Ribose\ container.build/all-product-headers.yaml -Xcc -iquote -Xcc /Users/mulgogi/src/rnp/swift-rnp/Swift-Rnp/Build/Intermediates/Swift-Rnp.build/Direct/Ribose\ container.build/Ribose\ container-project-headers.hmap -Xcc -I/Users/mulgogi/src/rnp/swift-rnp/Swift-Rnp/Build/Products/Direct/include -Xcc -I/Users/mulgogi/src/rnp/swift-rnp/Swift-Rnp/Build/Intermediates/Swift-Rnp.build/Direct/Ribose\ container.build/DerivedSources-normal/arm64 -Xcc -I/Users/mulgogi/src/rnp/swift-rnp/Swift-Rnp/Build/Intermediates/Swift-Rnp.build/Direct/Ribose\ container.build/DerivedSources/arm64 -Xcc -I/Users/mulgogi/src/rnp/swift-rnp/Swift-Rnp/Build/Intermediates/Swift-Rnp.build/Direct/Ribose\ container.build/DerivedSources -emit-objc-header -emit-objc-header-path /Users/mulgogi/src/rnp/swift-rnp/Swift-Rnp/Build/Intermediates/Swift-Rnp.build/Direct/Ribose\ container.build/Objects-normal/arm64/Ribose_container-Swift.h -working-directory /Users/mulgogi/src/rnp/swift-rnp/Swift-Rnp -no-emit-module-separately-wmo

SwiftCompile normal arm64 Compiling\ MailExtensionsContainerApp.swift,\ KeysManager.swift,\ ContentView.swift,\ ContentViewModel.swift,\ KeysListView.swift,\ AppGroup.swift,\ KeychainPassphraseStore.swift,\ GeneratedAssetSymbols.swift /Users/mulgogi/src/rnp/swift-rnp/Swift-Rnp/MailExtensionsContainer/MailExtensionsContainerApp.swift /Users/mulgogi/src/rnp/swift-rnp/Swift-Rnp/MailExtensionsContainer/Model/KeysManager.swift /Users/mulgogi/src/rnp/swift-rnp/Swift-Rnp/MailExtensionsContainer/View/ContentView/ContentView.swift /Users/mulgogi/src/rnp/swift-rnp/Swift-Rnp/MailExtensionsContainer/View/ContentView/ContentViewModel.swift /Users/mulgogi/src/rnp/swift-rnp/Swift-Rnp/MailExtensionsContainer/View/KeysList/KeysListView.swift /Users/mulgogi/src/rnp/swift-rnp/Swift-Rnp/Shared/AppGroup.swift /Users/mulgogi/src/rnp/swift-rnp/Swift-Rnp/Shared/KeychainPassphraseStore.swift /Users/mulgogi/src/rnp/swift-rnp/Swift-Rnp/Build/Intermediates/Swift-Rnp.build/Direct/Ribose\ container.build/DerivedSources/GeneratedAssetSymbols.swift (in target 'Ribose container' from project 'Swift-Rnp')
    cd /Users/mulgogi/src/rnp/swift-rnp/Swift-Rnp
    builtin-swiftTaskExecution -- /Applications/Xcode.app/Contents/Developer/Toolchains/XcodeDefault.xctoolchain/usr/bin/swift-frontend -frontend -c /Users/mulgogi/src/rnp/swift-rnp/Swift-Rnp/MailExtensionsContainer/MailExtensionsContainerApp.swift /Users/mulgogi/src/rnp/swift-rnp/Swift-Rnp/MailExtensionsContainer/Model/KeysManager.swift /Users/mulgogi/src/rnp/swift-rnp/Swift-Rnp/MailExtensionsContainer/View/ContentView/ContentView.swift /Users/mulgogi/src/rnp/swift-rnp/Swift-Rnp/MailExtensionsContainer/View/ContentView/ContentViewModel.swift /Users/mulgogi/src/rnp/swift-rnp/Swift-Rnp/MailExtensionsContainer/View/KeysList/KeysListView.swift /Users/mulgogi/src/rnp/swift-rnp/Swift-Rnp/Shared/AppGroup.swift /Users/mulgogi/src/rnp/swift-rnp/Swift-Rnp/Shared/KeychainPassphraseStore.swift /Users/mulgogi/src/rnp/swift-rnp/Swift-Rnp/Build/Intermediates/Swift-Rnp.build/Direct/Ribose\ container.build/DerivedSources/GeneratedAssetSymbols.swift -supplementary-output-file-map /Users/mulgogi/src/rnp/swift-rnp/Swift-Rnp/Build/Intermediates/Swift-Rnp.build/Direct/Ribose\ container.build/Objects-normal/arm64/supplementaryOutputs-7 -emit-localized-strings -emit-localized-strings-path /Users/mulgogi/src/rnp/swift-rnp/Swift-Rnp/Build/Intermediates/Swift-Rnp.build/Direct/Ribose\ container.build/Objects-normal/arm64 -target arm64-apple-macos12.0 -Xllvm -aarch64-use-tbi -enable-objc-interop -stack-check -sdk /Applications/Xcode.app/Contents/Developer/Platforms/MacOSX.platform/Developer/SDKs/MacOSX14.0.sdk -I /Users/mulgogi/src/rnp/swift-rnp/Vendor/RNPFramework.xcframework/macos-arm64_x86_64/RNPFramework.framework/Headers -I /Users/mulgogi/src/rnp/swift-rnp/Swift-Rnp/Build/Products/Direct -F /Users/mulgogi/src/rnp/swift-rnp/Swift-Rnp/Build/Products/Direct/PackageFrameworks -F /Users/mulgogi/src/rnp/swift-rnp/Swift-Rnp/Build/Products/Direct/PackageFrameworks -F /Users/mulgogi/src/rnp/swift-rnp/Swift-Rnp/Build/Products/Direct -F /Users/mulgogi/src/rnp/swift-rnp/Vendor -no-color-diagnostics -g -module-cache-path /Users/mulgogi/Library/Developer/Xcode/DerivedData/ModuleCache.noindex -swift-version 5 -enforce-exclusivity\=checked -O -serialize-debugging-options -const-gather-protocols-file /Users/mulgogi/src/rnp/swift-rnp/Swift-Rnp/Build/Intermediates/Swift-Rnp.build/Direct/Ribose\ container.build/Objects-normal/arm64/Ribose\ container_const_extract_protocols.json -enable-bare-slash-regex -empty-abi-descriptor -validate-clang-modules-once -clang-build-session-file /Users/mulgogi/Library/Developer/Xcode/DerivedData/ModuleCache.noindex/Session.modulevalidation -Xcc -working-directory -Xcc /Users/mulgogi/src/rnp/swift-rnp/Swift-Rnp -resource-dir /Applications/Xcode.app/Contents/Developer/Toolchains/XcodeDefault.xctoolchain/usr/lib/swift -Xcc -fmodule-map-file\=/Users/mulgogi/src/rnp/swift-rnp/Sources/CRnp/module.modulemap -Xcc -I/Users/mulgogi/src/rnp/swift-rnp/Swift-Rnp/Build/Intermediates/Swift-Rnp.build/Direct/Ribose\ container.build/swift-overrides.hmap -Xcc -iquote -Xcc /Users/mulgogi/src/rnp/swift-rnp/Swift-Rnp/Build/Intermediates/Swift-Rnp.build/Direct/Ribose\ container.build/Ribose\ container-generated-files.hmap -Xcc -I/Users/mulgogi/src/rnp/swift-rnp/Swift-Rnp/Build/Intermediates/Swift-Rnp.build/Direct/Ribose\ container.build/Ribose\ container-own-target-headers.hmap -Xcc -I/Users/mulgogi/src/rnp/swift-rnp/Swift-Rnp/Build/Intermediates/Swift-Rnp.build/Direct/Ribose\ container.build/Ribose\ container-all-non-framework-target-headers.hmap -Xcc -ivfsoverlay -Xcc /Users/mulgogi/src/rnp/swift-rnp/Swift-Rnp/Build/Intermediates/Swift-Rnp.build/Direct/Ribose\ container.build/all-product-headers.yaml -Xcc -iquote -Xcc /Users/mulgogi/src/rnp/swift-rnp/Swift-Rnp/Build/Intermediates/Swift-Rnp.build/Direct/Ribose\ container.build/Ribose\ container-project-headers.hmap -Xcc -I/Users/mulgogi/src/rnp/swift-rnp/Swift-Rnp/Build/Products/Direct/include -Xcc -I/Users/mulgogi/src/rnp/swift-rnp/Swift-Rnp/Build/Intermediates/Swift-Rnp.build/Direct/Ribose\ container.build/DerivedSources-normal/arm64 -Xcc -I/Users/mulgogi/src/rnp/swift-rnp/Swift-Rnp/Build/Intermediates/Swift-Rnp.build/Direct/Ribose\ container.build/DerivedSources/arm64 -Xcc -I/Users/mulgogi/src/rnp/swift-rnp/Swift-Rnp/Build/Intermediates/Swift-Rnp.build/Direct/Ribose\ container.build/DerivedSources -module-name Ribose_container -frontend-parseable-output -disable-clang-spi -target-sdk-version 14.0 -target-sdk-name macosx14.0 -external-plugin-path /Applications/Xcode.app/Contents/Developer/Platforms/MacOSX.platform/Developer/SDKs/MacOSX14.0.sdk/usr/lib/swift/host/plugins\#/Applications/Xcode.app/Contents/Developer/Platforms/MacOSX.platform/Developer/SDKs/MacOSX14.0.sdk/usr/bin/swift-plugin-server -external-plugin-path /Applications/Xcode.app/Contents/Developer/Platforms/MacOSX.platform/Developer/SDKs/MacOSX14.0.sdk/usr/local/lib/swift/host/plugins\#/Applications/Xcode.app/Contents/Developer/Platforms/MacOSX.platform/Developer/SDKs/MacOSX14.0.sdk/usr/bin/swift-plugin-server -external-plugin-path /Applications/Xcode.app/Contents/Developer/Platforms/MacOSX.platform/Developer/usr/lib/swift/host/plugins\#/Applications/Xcode.app/Contents/Developer/Platforms/MacOSX.platform/Developer/usr/bin/swift-plugin-server -external-plugin-path /Applications/Xcode.app/Contents/Developer/Platforms/MacOSX.platform/Developer/usr/local/lib/swift/host/plugins\#/Applications/Xcode.app/Contents/Developer/Platforms/MacOSX.platform/Developer/usr/bin/swift-plugin-server -plugin-path /Applications/Xcode.app/Contents/Developer/Toolchains/XcodeDefault.xctoolchain/usr/lib/swift/host/plugins -plugin-path /Applications/Xcode.app/Contents/Developer/Toolchains/XcodeDefault.xctoolchain/usr/local/lib/swift/host/plugins -enable-default-cmo -num-threads 10 -o /Users/mulgogi/src/rnp/swift-rnp/Swift-Rnp/Build/Intermediates/Swift-Rnp.build/Direct/Ribose\ container.build/Objects-normal/arm64/MailExtensionsContainerApp.o -o /Users/mulgogi/src/rnp/swift-rnp/Swift-Rnp/Build/Intermediates/Swift-Rnp.build/Direct/Ribose\ container.build/Objects-normal/arm64/KeysManager.o -o /Users/mulgogi/src/rnp/swift-rnp/Swift-Rnp/Build/Intermediates/Swift-Rnp.build/Direct/Ribose\ container.build/Objects-normal/arm64/ContentView.o -o /Users/mulgogi/src/rnp/swift-rnp/Swift-Rnp/Build/Intermediates/Swift-Rnp.build/Direct/Ribose\ container.build/Objects-normal/arm64/ContentViewModel.o -o /Users/mulgogi/src/rnp/swift-rnp/Swift-Rnp/Build/Intermediates/Swift-Rnp.build/Direct/Ribose\ container.build/Objects-normal/arm64/KeysListView.o -o /Users/mulgogi/src/rnp/swift-rnp/Swift-Rnp/Build/Intermediates/Swift-Rnp.build/Direct/Ribose\ container.build/Objects-normal/arm64/AppGroup.o -o /Users/mulgogi/src/rnp/swift-rnp/Swift-Rnp/Build/Intermediates/Swift-Rnp.build/Direct/Ribose\ container.build/Objects-normal/arm64/KeychainPassphraseStore.o -o /Users/mulgogi/src/rnp/swift-rnp/Swift-Rnp/Build/Intermediates/Swift-Rnp.build/Direct/Ribose\ container.build/Objects-normal/arm64/GeneratedAssetSymbols.o -index-unit-output-path /Swift-Rnp.build/Direct/Ribose\ container.build/Objects-normal/arm64/MailExtensionsContainerApp.o -index-unit-output-path /Swift-Rnp.build/Direct/Ribose\ container.build/Objects-normal/arm64/KeysManager.o -index-unit-output-path /Swift-Rnp.build/Direct/Ribose\ container.build/Objects-normal/arm64/ContentView.o -index-unit-output-path /Swift-Rnp.build/Direct/Ribose\ container.build/Objects-normal/arm64/ContentViewModel.o -index-unit-output-path /Swift-Rnp.build/Direct/Ribose\ container.build/Objects-normal/arm64/KeysListView.o -index-unit-output-path /Swift-Rnp.build/Direct/Ribose\ container.build/Objects-normal/arm64/AppGroup.o -index-unit-output-path /Swift-Rnp.build/Direct/Ribose\ container.build/Objects-normal/arm64/KeychainPassphraseStore.o -index-unit-output-path /Swift-Rnp.build/Direct/Ribose\ container.build/Objects-normal/arm64/GeneratedAssetSymbols.o
CompileSwift normal arm64 (in target 'Ribose container' from project 'Swift-Rnp')
    cd /Users/mulgogi/src/rnp/swift-rnp/Swift-Rnp
    /Applications/Xcode.app/Contents/Developer/Toolchains/XcodeDefault.xctoolchain/usr/bin/swift-frontend -c /Users/mulgogi/src/rnp/swift-rnp/Swift-Rnp/MailExtensionsContainer/MailExtensionsContainerApp.swift /Users/mulgogi/src/rnp/swift-rnp/Swift-Rnp/MailExtensionsContainer/Model/KeysManager.swift /Users/mulgogi/src/rnp/swift-rnp/Swift-Rnp/MailExtensionsContainer/View/ContentView/ContentView.swift /Users/mulgogi/src/rnp/swift-rnp/Swift-Rnp/MailExtensionsContainer/View/ContentView/ContentViewModel.swift /Users/mulgogi/src/rnp/swift-rnp/Swift-Rnp/MailExtensionsContainer/View/KeysList/KeysListView.swift /Users/mulgogi/src/rnp/swift-rnp/Swift-Rnp/Shared/AppGroup.swift /Users/mulgogi/src/rnp/swift-rnp/Swift-Rnp/Shared/KeychainPassphraseStore.swift /Users/mulgogi/src/rnp/swift-rnp/Swift-Rnp/Build/Intermediates/Swift-Rnp.build/Direct/Ribose\ container.build/DerivedSources/GeneratedAssetSymbols.swift -supplementary-output-file-map /Users/mulgogi/src/rnp/swift-rnp/Swift-Rnp/Build/Intermediates/Swift-Rnp.build/Direct/Ribose\ container.build/Objects-normal/arm64/supplementaryOutputs-7 -emit-localized-strings -emit-localized-strings-path /Users/mulgogi/src/rnp/swift-rnp/Swift-Rnp/Build/Intermediates/Swift-Rnp.build/Direct/Ribose\ container.build/Objects-normal/arm64 -target arm64-apple-macos12.0 -Xllvm -aarch64-use-tbi -enable-objc-interop -stack-check -sdk /Applications/Xcode.app/Contents/Developer/Platforms/MacOSX.platform/Developer/SDKs/MacOSX14.0.sdk -I /Users/mulgogi/src/rnp/swift-rnp/Vendor/RNPFramework.xcframework/macos-arm64_x86_64/RNPFramework.framework/Headers -I /Users/mulgogi/src/rnp/swift-rnp/Swift-Rnp/Build/Products/Direct -F /Users/mulgogi/src/rnp/swift-rnp/Swift-Rnp/Build/Products/Direct/PackageFrameworks -F /Users/mulgogi/src/rnp/swift-rnp/Swift-Rnp/Build/Products/Direct/PackageFrameworks -F /Users/mulgogi/src/rnp/swift-rnp/Swift-Rnp/Build/Products/Direct -F /Users/mulgogi/src/rnp/swift-rnp/Vendor -no-color-diagnostics -g -module-cache-path /Users/mulgogi/Library/Developer/Xcode/DerivedData/ModuleCache.noindex -swift-version 5 -enforce-exclusivity\=checked -O -serialize-debugging-options -const-gather-protocols-file /Users/mulgogi/src/rnp/swift-rnp/Swift-Rnp/Build/Intermediates/Swift-Rnp.build/Direct/Ribose\ container.build/Objects-normal/arm64/Ribose\ container_const_extract_protocols.json -enable-bare-slash-regex -empty-abi-descriptor -validate-clang-modules-once -clang-build-session-file /Users/mulgogi/Library/Developer/Xcode/DerivedData/ModuleCache.noindex/Session.modulevalidation -Xcc -working-directory -Xcc /Users/mulgogi/src/rnp/swift-rnp/Swift-Rnp -resource-dir /Applications/Xcode.app/Contents/Developer/Toolchains/XcodeDefault.xctoolchain/usr/lib/swift -Xcc -fmodule-map-file\=/Users/mulgogi/src/rnp/swift-rnp/Sources/CRnp/module.modulemap -Xcc -I/Users/mulgogi/src/rnp/swift-rnp/Swift-Rnp/Build/Intermediates/Swift-Rnp.build/Direct/Ribose\ container.build/swift-overrides.hmap -Xcc -iquote -Xcc /Users/mulgogi/src/rnp/swift-rnp/Swift-Rnp/Build/Intermediates/Swift-Rnp.build/Direct/Ribose\ container.build/Ribose\ container-generated-files.hmap -Xcc -I/Users/mulgogi/src/rnp/swift-rnp/Swift-Rnp/Build/Intermediates/Swift-Rnp.build/Direct/Ribose\ container.build/Ribose\ container-own-target-headers.hmap -Xcc -I/Users/mulgogi/src/rnp/swift-rnp/Swift-Rnp/Build/Intermediates/Swift-Rnp.build/Direct/Ribose\ container.build/Ribose\ container-all-non-framework-target-headers.hmap -Xcc -ivfsoverlay -Xcc /Users/mulgogi/src/rnp/swift-rnp/Swift-Rnp/Build/Intermediates/Swift-Rnp.build/Direct/Ribose\ container.build/all-product-headers.yaml -Xcc -iquote -Xcc /Users/mulgogi/src/rnp/swift-rnp/Swift-Rnp/Build/Intermediates/Swift-Rnp.build/Direct/Ribose\ container.build/Ribose\ container-project-headers.hmap -Xcc -I/Users/mulgogi/src/rnp/swift-rnp/Swift-Rnp/Build/Products/Direct/include -Xcc -I/Users/mulgogi/src/rnp/swift-rnp/Swift-Rnp/Build/Intermediates/Swift-Rnp.build/Direct/Ribose\ container.build/DerivedSources-normal/arm64 -Xcc -I/Users/mulgogi/src/rnp/swift-rnp/Swift-Rnp/Build/Intermediates/Swift-Rnp.build/Direct/Ribose\ container.build/DerivedSources/arm64 -Xcc -I/Users/mulgogi/src/rnp/swift-rnp/Swift-Rnp/Build/Intermediates/Swift-Rnp.build/Direct/Ribose\ container.build/DerivedSources -module-name Ribose_container -frontend-parseable-output -disable-clang-spi -target-sdk-version 14.0 -target-sdk-name macosx14.0 -external-plugin-path /Applications/Xcode.app/Contents/Developer/Platforms/MacOSX.platform/Developer/SDKs/MacOSX14.0.sdk/usr/lib/swift/host/plugins\#/Applications/Xcode.app/Contents/Developer/Platforms/MacOSX.platform/Developer/SDKs/MacOSX14.0.sdk/usr/bin/swift-plugin-server -external-plugin-path /Applications/Xcode.app/Contents/Developer/Platforms/MacOSX.platform/Developer/SDKs/MacOSX14.0.sdk/usr/local/lib/swift/host/plugins\#/Applications/Xcode.app/Contents/Developer/Platforms/MacOSX.platform/Developer/SDKs/MacOSX14.0.sdk/usr/bin/swift-plugin-server -external-plugin-path /Applications/Xcode.app/Contents/Developer/Platforms/MacOSX.platform/Developer/usr/lib/swift/host/plugins\#/Applications/Xcode.app/Contents/Developer/Platforms/MacOSX.platform/Developer/usr/bin/swift-plugin-server -external-plugin-path /Applications/Xcode.app/Contents/Developer/Platforms/MacOSX.platform/Developer/usr/local/lib/swift/host/plugins\#/Applications/Xcode.app/Contents/Developer/Platforms/MacOSX.platform/Developer/usr/bin/swift-plugin-server -plugin-path /Applications/Xcode.app/Contents/Developer/Toolchains/XcodeDefault.xctoolchain/usr/lib/swift/host/plugins -plugin-path /Applications/Xcode.app/Contents/Developer/Toolchains/XcodeDefault.xctoolchain/usr/local/lib/swift/host/plugins -enable-default-cmo -num-threads 10 -o /Users/mulgogi/src/rnp/swift-rnp/Swift-Rnp/Build/Intermediates/Swift-Rnp.build/Direct/Ribose\ container.build/Objects-normal/arm64/MailExtensionsContainerApp.o -o /Users/mulgogi/src/rnp/swift-rnp/Swift-Rnp/Build/Intermediates/Swift-Rnp.build/Direct/Ribose\ container.build/Objects-normal/arm64/KeysManager.o -o /Users/mulgogi/src/rnp/swift-rnp/Swift-Rnp/Build/Intermediates/Swift-Rnp.build/Direct/Ribose\ container.build/Objects-normal/arm64/ContentView.o -o /Users/mulgogi/src/rnp/swift-rnp/Swift-Rnp/Build/Intermediates/Swift-Rnp.build/Direct/Ribose\ container.build/Objects-normal/arm64/ContentViewModel.o -o /Users/mulgogi/src/rnp/swift-rnp/Swift-Rnp/Build/Intermediates/Swift-Rnp.build/Direct/Ribose\ container.build/Objects-normal/arm64/KeysListView.o -o /Users/mulgogi/src/rnp/swift-rnp/Swift-Rnp/Build/Intermediates/Swift-Rnp.build/Direct/Ribose\ container.build/Objects-normal/arm64/AppGroup.o -o /Users/mulgogi/src/rnp/swift-rnp/Swift-Rnp/Build/Intermediates/Swift-Rnp.build/Direct/Ribose\ container.build/Objects-normal/arm64/KeychainPassphraseStore.o -o /Users/mulgogi/src/rnp/swift-rnp/Swift-Rnp/Build/Intermediates/Swift-Rnp.build/Direct/Ribose\ container.build/Objects-normal/arm64/GeneratedAssetSymbols.o -index-unit-output-path /Swift-Rnp.build/Direct/Ribose\ container.build/Objects-normal/arm64/MailExtensionsContainerApp.o -index-unit-output-path /Swift-Rnp.build/Direct/Ribose\ container.build/Objects-normal/arm64/KeysManager.o -index-unit-output-path /Swift-Rnp.build/Direct/Ribose\ container.build/Objects-normal/arm64/ContentView.o -index-unit-output-path /Swift-Rnp.build/Direct/Ribose\ container.build/Objects-normal/arm64/ContentViewModel.o -index-unit-output-path /Swift-Rnp.build/Direct/Ribose\ container.build/Objects-normal/arm64/KeysListView.o -index-unit-output-path /Swift-Rnp.build/Direct/Ribose\ container.build/Objects-normal/arm64/AppGroup.o -index-unit-output-path /Swift-Rnp.build/Direct/Ribose\ container.build/Objects-normal/arm64/KeychainPassphraseStore.o -index-unit-output-path /Swift-Rnp.build/Direct/Ribose\ container.build/Objects-normal/arm64/GeneratedAssetSymbols.o

SwiftCompile normal x86_64 Compiling\ MailExtensionsContainerApp.swift,\ KeysManager.swift,\ ContentView.swift,\ ContentViewModel.swift,\ KeysListView.swift,\ AppGroup.swift,\ KeychainPassphraseStore.swift,\ GeneratedAssetSymbols.swift /Users/mulgogi/src/rnp/swift-rnp/Swift-Rnp/MailExtensionsContainer/MailExtensionsContainerApp.swift /Users/mulgogi/src/rnp/swift-rnp/Swift-Rnp/MailExtensionsContainer/Model/KeysManager.swift /Users/mulgogi/src/rnp/swift-rnp/Swift-Rnp/MailExtensionsContainer/View/ContentView/ContentView.swift /Users/mulgogi/src/rnp/swift-rnp/Swift-Rnp/MailExtensionsContainer/View/ContentView/ContentViewModel.swift /Users/mulgogi/src/rnp/swift-rnp/Swift-Rnp/MailExtensionsContainer/View/KeysList/KeysListView.swift /Users/mulgogi/src/rnp/swift-rnp/Swift-Rnp/Shared/AppGroup.swift /Users/mulgogi/src/rnp/swift-rnp/Swift-Rnp/Shared/KeychainPassphraseStore.swift /Users/mulgogi/src/rnp/swift-rnp/Swift-Rnp/Build/Intermediates/Swift-Rnp.build/Direct/Ribose\ container.build/DerivedSources/GeneratedAssetSymbols.swift (in target 'Ribose container' from project 'Swift-Rnp')
    cd /Users/mulgogi/src/rnp/swift-rnp/Swift-Rnp
    builtin-swiftTaskExecution -- /Applications/Xcode.app/Contents/Developer/Toolchains/XcodeDefault.xctoolchain/usr/bin/swift-frontend -frontend -c /Users/mulgogi/src/rnp/swift-rnp/Swift-Rnp/MailExtensionsContainer/MailExtensionsContainerApp.swift /Users/mulgogi/src/rnp/swift-rnp/Swift-Rnp/MailExtensionsContainer/Model/KeysManager.swift /Users/mulgogi/src/rnp/swift-rnp/Swift-Rnp/MailExtensionsContainer/View/ContentView/ContentView.swift /Users/mulgogi/src/rnp/swift-rnp/Swift-Rnp/MailExtensionsContainer/View/ContentView/ContentViewModel.swift /Users/mulgogi/src/rnp/swift-rnp/Swift-Rnp/MailExtensionsContainer/View/KeysList/KeysListView.swift /Users/mulgogi/src/rnp/swift-rnp/Swift-Rnp/Shared/AppGroup.swift /Users/mulgogi/src/rnp/swift-rnp/Swift-Rnp/Shared/KeychainPassphraseStore.swift /Users/mulgogi/src/rnp/swift-rnp/Swift-Rnp/Build/Intermediates/Swift-Rnp.build/Direct/Ribose\ container.build/DerivedSources/GeneratedAssetSymbols.swift -supplementary-output-file-map /Users/mulgogi/src/rnp/swift-rnp/Swift-Rnp/Build/Intermediates/Swift-Rnp.build/Direct/Ribose\ container.build/Objects-normal/x86_64/supplementaryOutputs-8 -emit-localized-strings -emit-localized-strings-path /Users/mulgogi/src/rnp/swift-rnp/Swift-Rnp/Build/Intermediates/Swift-Rnp.build/Direct/Ribose\ container.build/Objects-normal/x86_64 -target x86_64-apple-macos12.0 -enable-objc-interop -stack-check -sdk /Applications/Xcode.app/Contents/Developer/Platforms/MacOSX.platform/Developer/SDKs/MacOSX14.0.sdk -I /Users/mulgogi/src/rnp/swift-rnp/Vendor/RNPFramework.xcframework/macos-arm64_x86_64/RNPFramework.framework/Headers -I /Users/mulgogi/src/rnp/swift-rnp/Swift-Rnp/Build/Products/Direct -F /Users/mulgogi/src/rnp/swift-rnp/Swift-Rnp/Build/Products/Direct/PackageFrameworks -F /Users/mulgogi/src/rnp/swift-rnp/Swift-Rnp/Build/Products/Direct/PackageFrameworks -F /Users/mulgogi/src/rnp/swift-rnp/Swift-Rnp/Build/Products/Direct -F /Users/mulgogi/src/rnp/swift-rnp/Vendor -no-color-diagnostics -g -module-cache-path /Users/mulgogi/Library/Developer/Xcode/DerivedData/ModuleCache.noindex -swift-version 5 -enforce-exclusivity\=checked -O -serialize-debugging-options -const-gather-protocols-file /Users/mulgogi/src/rnp/swift-rnp/Swift-Rnp/Build/Intermediates/Swift-Rnp.build/Direct/Ribose\ container.build/Objects-normal/x86_64/Ribose\ container_const_extract_protocols.json -enable-bare-slash-regex -empty-abi-descriptor -validate-clang-modules-once -clang-build-session-file /Users/mulgogi/Library/Developer/Xcode/DerivedData/ModuleCache.noindex/Session.modulevalidation -Xcc -working-directory -Xcc /Users/mulgogi/src/rnp/swift-rnp/Swift-Rnp -resource-dir /Applications/Xcode.app/Contents/Developer/Toolchains/XcodeDefault.xctoolchain/usr/lib/swift -Xcc -fmodule-map-file\=/Users/mulgogi/src/rnp/swift-rnp/Sources/CRnp/module.modulemap -Xcc -I/Users/mulgogi/src/rnp/swift-rnp/Swift-Rnp/Build/Intermediates/Swift-Rnp.build/Direct/Ribose\ container.build/swift-overrides.hmap -Xcc -iquote -Xcc /Users/mulgogi/src/rnp/swift-rnp/Swift-Rnp/Build/Intermediates/Swift-Rnp.build/Direct/Ribose\ container.build/Ribose\ container-generated-files.hmap -Xcc -I/Users/mulgogi/src/rnp/swift-rnp/Swift-Rnp/Build/Intermediates/Swift-Rnp.build/Direct/Ribose\ container.build/Ribose\ container-own-target-headers.hmap -Xcc -I/Users/mulgogi/src/rnp/swift-rnp/Swift-Rnp/Build/Intermediates/Swift-Rnp.build/Direct/Ribose\ container.build/Ribose\ container-all-non-framework-target-headers.hmap -Xcc -ivfsoverlay -Xcc /Users/mulgogi/src/rnp/swift-rnp/Swift-Rnp/Build/Intermediates/Swift-Rnp.build/Direct/Ribose\ container.build/all-product-headers.yaml -Xcc -iquote -Xcc /Users/mulgogi/src/rnp/swift-rnp/Swift-Rnp/Build/Intermediates/Swift-Rnp.build/Direct/Ribose\ container.build/Ribose\ container-project-headers.hmap -Xcc -I/Users/mulgogi/src/rnp/swift-rnp/Swift-Rnp/Build/Products/Direct/include -Xcc -I/Users/mulgogi/src/rnp/swift-rnp/Swift-Rnp/Build/Intermediates/Swift-Rnp.build/Direct/Ribose\ container.build/DerivedSources-normal/x86_64 -Xcc -I/Users/mulgogi/src/rnp/swift-rnp/Swift-Rnp/Build/Intermediates/Swift-Rnp.build/Direct/Ribose\ container.build/DerivedSources/x86_64 -Xcc -I/Users/mulgogi/src/rnp/swift-rnp/Swift-Rnp/Build/Intermediates/Swift-Rnp.build/Direct/Ribose\ container.build/DerivedSources -module-name Ribose_container -frontend-parseable-output -disable-clang-spi -target-sdk-version 14.0 -target-sdk-name macosx14.0 -external-plugin-path /Applications/Xcode.app/Contents/Developer/Platforms/MacOSX.platform/Developer/SDKs/MacOSX14.0.sdk/usr/lib/swift/host/plugins\#/Applications/Xcode.app/Contents/Developer/Platforms/MacOSX.platform/Developer/SDKs/MacOSX14.0.sdk/usr/bin/swift-plugin-server -external-plugin-path /Applications/Xcode.app/Contents/Developer/Platforms/MacOSX.platform/Developer/SDKs/MacOSX14.0.sdk/usr/local/lib/swift/host/plugins\#/Applications/Xcode.app/Contents/Developer/Platforms/MacOSX.platform/Developer/SDKs/MacOSX14.0.sdk/usr/bin/swift-plugin-server -external-plugin-path /Applications/Xcode.app/Contents/Developer/Platforms/MacOSX.platform/Developer/usr/lib/swift/host/plugins\#/Applications/Xcode.app/Contents/Developer/Platforms/MacOSX.platform/Developer/usr/bin/swift-plugin-server -external-plugin-path /Applications/Xcode.app/Contents/Developer/Platforms/MacOSX.platform/Developer/usr/local/lib/swift/host/plugins\#/Applications/Xcode.app/Contents/Developer/Platforms/MacOSX.platform/Developer/usr/bin/swift-plugin-server -plugin-path /Applications/Xcode.app/Contents/Developer/Toolchains/XcodeDefault.xctoolchain/usr/lib/swift/host/plugins -plugin-path /Applications/Xcode.app/Contents/Developer/Toolchains/XcodeDefault.xctoolchain/usr/local/lib/swift/host/plugins -enable-default-cmo -num-threads 10 -o /Users/mulgogi/src/rnp/swift-rnp/Swift-Rnp/Build/Intermediates/Swift-Rnp.build/Direct/Ribose\ container.build/Objects-normal/x86_64/MailExtensionsContainerApp.o -o /Users/mulgogi/src/rnp/swift-rnp/Swift-Rnp/Build/Intermediates/Swift-Rnp.build/Direct/Ribose\ container.build/Objects-normal/x86_64/KeysManager.o -o /Users/mulgogi/src/rnp/swift-rnp/Swift-Rnp/Build/Intermediates/Swift-Rnp.build/Direct/Ribose\ container.build/Objects-normal/x86_64/ContentView.o -o /Users/mulgogi/src/rnp/swift-rnp/Swift-Rnp/Build/Intermediates/Swift-Rnp.build/Direct/Ribose\ container.build/Objects-normal/x86_64/ContentViewModel.o -o /Users/mulgogi/src/rnp/swift-rnp/Swift-Rnp/Build/Intermediates/Swift-Rnp.build/Direct/Ribose\ container.build/Objects-normal/x86_64/KeysListView.o -o /Users/mulgogi/src/rnp/swift-rnp/Swift-Rnp/Build/Intermediates/Swift-Rnp.build/Direct/Ribose\ container.build/Objects-normal/x86_64/AppGroup.o -o /Users/mulgogi/src/rnp/swift-rnp/Swift-Rnp/Build/Intermediates/Swift-Rnp.build/Direct/Ribose\ container.build/Objects-normal/x86_64/KeychainPassphraseStore.o -o /Users/mulgogi/src/rnp/swift-rnp/Swift-Rnp/Build/Intermediates/Swift-Rnp.build/Direct/Ribose\ container.build/Objects-normal/x86_64/GeneratedAssetSymbols.o -index-unit-output-path /Swift-Rnp.build/Direct/Ribose\ container.build/Objects-normal/x86_64/MailExtensionsContainerApp.o -index-unit-output-path /Swift-Rnp.build/Direct/Ribose\ container.build/Objects-normal/x86_64/KeysManager.o -index-unit-output-path /Swift-Rnp.build/Direct/Ribose\ container.build/Objects-normal/x86_64/ContentView.o -index-unit-output-path /Swift-Rnp.build/Direct/Ribose\ container.build/Objects-normal/x86_64/ContentViewModel.o -index-unit-output-path /Swift-Rnp.build/Direct/Ribose\ container.build/Objects-normal/x86_64/KeysListView.o -index-unit-output-path /Swift-Rnp.build/Direct/Ribose\ container.build/Objects-normal/x86_64/AppGroup.o -index-unit-output-path /Swift-Rnp.build/Direct/Ribose\ container.build/Objects-normal/x86_64/KeychainPassphraseStore.o -index-unit-output-path /Swift-Rnp.build/Direct/Ribose\ container.build/Objects-normal/x86_64/GeneratedAssetSymbols.o
CompileSwift normal x86_64 (in target 'Ribose container' from project 'Swift-Rnp')
    cd /Users/mulgogi/src/rnp/swift-rnp/Swift-Rnp
    /Applications/Xcode.app/Contents/Developer/Toolchains/XcodeDefault.xctoolchain/usr/bin/swift-frontend -c /Users/mulgogi/src/rnp/swift-rnp/Swift-Rnp/MailExtensionsContainer/MailExtensionsContainerApp.swift /Users/mulgogi/src/rnp/swift-rnp/Swift-Rnp/MailExtensionsContainer/Model/KeysManager.swift /Users/mulgogi/src/rnp/swift-rnp/Swift-Rnp/MailExtensionsContainer/View/ContentView/ContentView.swift /Users/mulgogi/src/rnp/swift-rnp/Swift-Rnp/MailExtensionsContainer/View/ContentView/ContentViewModel.swift /Users/mulgogi/src/rnp/swift-rnp/Swift-Rnp/MailExtensionsContainer/View/KeysList/KeysListView.swift /Users/mulgogi/src/rnp/swift-rnp/Swift-Rnp/Shared/AppGroup.swift /Users/mulgogi/src/rnp/swift-rnp/Swift-Rnp/Shared/KeychainPassphraseStore.swift /Users/mulgogi/src/rnp/swift-rnp/Swift-Rnp/Build/Intermediates/Swift-Rnp.build/Direct/Ribose\ container.build/DerivedSources/GeneratedAssetSymbols.swift -supplementary-output-file-map /Users/mulgogi/src/rnp/swift-rnp/Swift-Rnp/Build/Intermediates/Swift-Rnp.build/Direct/Ribose\ container.build/Objects-normal/x86_64/supplementaryOutputs-8 -emit-localized-strings -emit-localized-strings-path /Users/mulgogi/src/rnp/swift-rnp/Swift-Rnp/Build/Intermediates/Swift-Rnp.build/Direct/Ribose\ container.build/Objects-normal/x86_64 -target x86_64-apple-macos12.0 -enable-objc-interop -stack-check -sdk /Applications/Xcode.app/Contents/Developer/Platforms/MacOSX.platform/Developer/SDKs/MacOSX14.0.sdk -I /Users/mulgogi/src/rnp/swift-rnp/Vendor/RNPFramework.xcframework/macos-arm64_x86_64/RNPFramework.framework/Headers -I /Users/mulgogi/src/rnp/swift-rnp/Swift-Rnp/Build/Products/Direct -F /Users/mulgogi/src/rnp/swift-rnp/Swift-Rnp/Build/Products/Direct/PackageFrameworks -F /Users/mulgogi/src/rnp/swift-rnp/Swift-Rnp/Build/Products/Direct/PackageFrameworks -F /Users/mulgogi/src/rnp/swift-rnp/Swift-Rnp/Build/Products/Direct -F /Users/mulgogi/src/rnp/swift-rnp/Vendor -no-color-diagnostics -g -module-cache-path /Users/mulgogi/Library/Developer/Xcode/DerivedData/ModuleCache.noindex -swift-version 5 -enforce-exclusivity\=checked -O -serialize-debugging-options -const-gather-protocols-file /Users/mulgogi/src/rnp/swift-rnp/Swift-Rnp/Build/Intermediates/Swift-Rnp.build/Direct/Ribose\ container.build/Objects-normal/x86_64/Ribose\ container_const_extract_protocols.json -enable-bare-slash-regex -empty-abi-descriptor -validate-clang-modules-once -clang-build-session-file /Users/mulgogi/Library/Developer/Xcode/DerivedData/ModuleCache.noindex/Session.modulevalidation -Xcc -working-directory -Xcc /Users/mulgogi/src/rnp/swift-rnp/Swift-Rnp -resource-dir /Applications/Xcode.app/Contents/Developer/Toolchains/XcodeDefault.xctoolchain/usr/lib/swift -Xcc -fmodule-map-file\=/Users/mulgogi/src/rnp/swift-rnp/Sources/CRnp/module.modulemap -Xcc -I/Users/mulgogi/src/rnp/swift-rnp/Swift-Rnp/Build/Intermediates/Swift-Rnp.build/Direct/Ribose\ container.build/swift-overrides.hmap -Xcc -iquote -Xcc /Users/mulgogi/src/rnp/swift-rnp/Swift-Rnp/Build/Intermediates/Swift-Rnp.build/Direct/Ribose\ container.build/Ribose\ container-generated-files.hmap -Xcc -I/Users/mulgogi/src/rnp/swift-rnp/Swift-Rnp/Build/Intermediates/Swift-Rnp.build/Direct/Ribose\ container.build/Ribose\ container-own-target-headers.hmap -Xcc -I/Users/mulgogi/src/rnp/swift-rnp/Swift-Rnp/Build/Intermediates/Swift-Rnp.build/Direct/Ribose\ container.build/Ribose\ container-all-non-framework-target-headers.hmap -Xcc -ivfsoverlay -Xcc /Users/mulgogi/src/rnp/swift-rnp/Swift-Rnp/Build/Intermediates/Swift-Rnp.build/Direct/Ribose\ container.build/all-product-headers.yaml -Xcc -iquote -Xcc /Users/mulgogi/src/rnp/swift-rnp/Swift-Rnp/Build/Intermediates/Swift-Rnp.build/Direct/Ribose\ container.build/Ribose\ container-project-headers.hmap -Xcc -I/Users/mulgogi/src/rnp/swift-rnp/Swift-Rnp/Build/Products/Direct/include -Xcc -I/Users/mulgogi/src/rnp/swift-rnp/Swift-Rnp/Build/Intermediates/Swift-Rnp.build/Direct/Ribose\ container.build/DerivedSources-normal/x86_64 -Xcc -I/Users/mulgogi/src/rnp/swift-rnp/Swift-Rnp/Build/Intermediates/Swift-Rnp.build/Direct/Ribose\ container.build/DerivedSources/x86_64 -Xcc -I/Users/mulgogi/src/rnp/swift-rnp/Swift-Rnp/Build/Intermediates/Swift-Rnp.build/Direct/Ribose\ container.build/DerivedSources -module-name Ribose_container -frontend-parseable-output -disable-clang-spi -target-sdk-version 14.0 -target-sdk-name macosx14.0 -external-plugin-path /Applications/Xcode.app/Contents/Developer/Platforms/MacOSX.platform/Developer/SDKs/MacOSX14.0.sdk/usr/lib/swift/host/plugins\#/Applications/Xcode.app/Contents/Developer/Platforms/MacOSX.platform/Developer/SDKs/MacOSX14.0.sdk/usr/bin/swift-plugin-server -external-plugin-path /Applications/Xcode.app/Contents/Developer/Platforms/MacOSX.platform/Developer/SDKs/MacOSX14.0.sdk/usr/local/lib/swift/host/plugins\#/Applications/Xcode.app/Contents/Developer/Platforms/MacOSX.platform/Developer/SDKs/MacOSX14.0.sdk/usr/bin/swift-plugin-server -external-plugin-path /Applications/Xcode.app/Contents/Developer/Platforms/MacOSX.platform/Developer/usr/lib/swift/host/plugins\#/Applications/Xcode.app/Contents/Developer/Platforms/MacOSX.platform/Developer/usr/bin/swift-plugin-server -external-plugin-path /Applications/Xcode.app/Contents/Developer/Platforms/MacOSX.platform/Developer/usr/local/lib/swift/host/plugins\#/Applications/Xcode.app/Contents/Developer/Platforms/MacOSX.platform/Developer/usr/bin/swift-plugin-server -plugin-path /Applications/Xcode.app/Contents/Developer/Toolchains/XcodeDefault.xctoolchain/usr/lib/swift/host/plugins -plugin-path /Applications/Xcode.app/Contents/Developer/Toolchains/XcodeDefault.xctoolchain/usr/local/lib/swift/host/plugins -enable-default-cmo -num-threads 10 -o /Users/mulgogi/src/rnp/swift-rnp/Swift-Rnp/Build/Intermediates/Swift-Rnp.build/Direct/Ribose\ container.build/Objects-normal/x86_64/MailExtensionsContainerApp.o -o /Users/mulgogi/src/rnp/swift-rnp/Swift-Rnp/Build/Intermediates/Swift-Rnp.build/Direct/Ribose\ container.build/Objects-normal/x86_64/KeysManager.o -o /Users/mulgogi/src/rnp/swift-rnp/Swift-Rnp/Build/Intermediates/Swift-Rnp.build/Direct/Ribose\ container.build/Objects-normal/x86_64/ContentView.o -o /Users/mulgogi/src/rnp/swift-rnp/Swift-Rnp/Build/Intermediates/Swift-Rnp.build/Direct/Ribose\ container.build/Objects-normal/x86_64/ContentViewModel.o -o /Users/mulgogi/src/rnp/swift-rnp/Swift-Rnp/Build/Intermediates/Swift-Rnp.build/Direct/Ribose\ container.build/Objects-normal/x86_64/KeysListView.o -o /Users/mulgogi/src/rnp/swift-rnp/Swift-Rnp/Build/Intermediates/Swift-Rnp.build/Direct/Ribose\ container.build/Objects-normal/x86_64/AppGroup.o -o /Users/mulgogi/src/rnp/swift-rnp/Swift-Rnp/Build/Intermediates/Swift-Rnp.build/Direct/Ribose\ container.build/Objects-normal/x86_64/KeychainPassphraseStore.o -o /Users/mulgogi/src/rnp/swift-rnp/Swift-Rnp/Build/Intermediates/Swift-Rnp.build/Direct/Ribose\ container.build/Objects-normal/x86_64/GeneratedAssetSymbols.o -index-unit-output-path /Swift-Rnp.build/Direct/Ribose\ container.build/Objects-normal/x86_64/MailExtensionsContainerApp.o -index-unit-output-path /Swift-Rnp.build/Direct/Ribose\ container.build/Objects-normal/x86_64/KeysManager.o -index-unit-output-path /Swift-Rnp.build/Direct/Ribose\ container.build/Objects-normal/x86_64/ContentView.o -index-unit-output-path /Swift-Rnp.build/Direct/Ribose\ container.build/Objects-normal/x86_64/ContentViewModel.o -index-unit-output-path /Swift-Rnp.build/Direct/Ribose\ container.build/Objects-normal/x86_64/KeysListView.o -index-unit-output-path /Swift-Rnp.build/Direct/Ribose\ container.build/Objects-normal/x86_64/AppGroup.o -index-unit-output-path /Swift-Rnp.build/Direct/Ribose\ container.build/Objects-normal/x86_64/KeychainPassphraseStore.o -index-unit-output-path /Swift-Rnp.build/Direct/Ribose\ container.build/Objects-normal/x86_64/GeneratedAssetSymbols.o

RegisterExecutionPolicyException /Users/mulgogi/src/rnp/swift-rnp/Swift-Rnp/Build/Products/Direct/MailPlugin.appex (in target 'MailPlugin' from project 'Swift-Rnp')
    cd /Users/mulgogi/src/rnp/swift-rnp/Swift-Rnp
    builtin-RegisterExecutionPolicyException /Users/mulgogi/src/rnp/swift-rnp/Swift-Rnp/Build/Products/Direct/MailPlugin.appex

Touch /Users/mulgogi/src/rnp/swift-rnp/Swift-Rnp/Build/Products/Direct/MailPlugin.appex (in target 'MailPlugin' from project 'Swift-Rnp')
    cd /Users/mulgogi/src/rnp/swift-rnp/Swift-Rnp
    /usr/bin/touch -c /Users/mulgogi/src/rnp/swift-rnp/Swift-Rnp/Build/Products/Direct/MailPlugin.appex

WriteAuxiliaryFile /Users/mulgogi/src/rnp/swift-rnp/Swift-Rnp/Build/Intermediates/Swift-Rnp.build/Direct/Ribose\ container.build/Objects-normal/x86_64/Ribose\ container.LinkFileList (in target 'Ribose container' from project 'Swift-Rnp')
    cd /Users/mulgogi/src/rnp/swift-rnp/Swift-Rnp
    write-file /Users/mulgogi/src/rnp/swift-rnp/Swift-Rnp/Build/Intermediates/Swift-Rnp.build/Direct/Ribose\ container.build/Objects-normal/x86_64/Ribose\ container.LinkFileList

WriteAuxiliaryFile /Users/mulgogi/src/rnp/swift-rnp/Swift-Rnp/Build/Intermediates/Swift-Rnp.build/Direct/Ribose\ container.build/Objects-normal/arm64/Ribose\ container.LinkFileList (in target 'Ribose container' from project 'Swift-Rnp')
    cd /Users/mulgogi/src/rnp/swift-rnp/Swift-Rnp
    write-file /Users/mulgogi/src/rnp/swift-rnp/Swift-Rnp/Build/Intermediates/Swift-Rnp.build/Direct/Ribose\ container.build/Objects-normal/arm64/Ribose\ container.LinkFileList

CpResource /Users/mulgogi/src/rnp/swift-rnp/Swift-Rnp/Build/Products/Direct/Ribose\ container.app/Contents/Resources/PrivacyInfo.xcprivacy /Users/mulgogi/src/rnp/swift-rnp/Swift-Rnp/MailExtensionsContainer/PrivacyInfo.xcprivacy (in target 'Ribose container' from project 'Swift-Rnp')
    cd /Users/mulgogi/src/rnp/swift-rnp/Swift-Rnp
    builtin-copy -exclude .DS_Store -exclude CVS -exclude .svn -exclude .git -exclude .hg -resolve-src-symlinks /Users/mulgogi/src/rnp/swift-rnp/Swift-Rnp/MailExtensionsContainer/PrivacyInfo.xcprivacy /Users/mulgogi/src/rnp/swift-rnp/Swift-Rnp/Build/Products/Direct/Ribose\ container.app/Contents/Resources

ValidateDevelopmentAssets /Users/mulgogi/src/rnp/swift-rnp/Swift-Rnp/Build/Intermediates/Swift-Rnp.build/Direct/Ribose\ container.build (in target 'Ribose container' from project 'Swift-Rnp')
    cd /Users/mulgogi/src/rnp/swift-rnp/Swift-Rnp
    builtin-validate-development-assets --validate YES_ERROR /Users/mulgogi/src/rnp/swift-rnp/Swift-Rnp/MailExtensionsContainer/Preview\ Content

SwiftDriverJobDiscovery normal arm64 Compiling MailExtensionsContainerApp.swift, KeysManager.swift, ContentView.swift, ContentViewModel.swift, KeysListView.swift, AppGroup.swift, KeychainPassphraseStore.swift, GeneratedAssetSymbols.swift (in target 'Ribose container' from project 'Swift-Rnp')

SwiftDriver\ Compilation\ Requirements Ribose\ container normal arm64 com.apple.xcode.tools.swift.compiler (in target 'Ribose container' from project 'Swift-Rnp')
    cd /Users/mulgogi/src/rnp/swift-rnp/Swift-Rnp
    builtin-Swift-Compilation-Requirements -- /Applications/Xcode.app/Contents/Developer/Toolchains/XcodeDefault.xctoolchain/usr/bin/swiftc -module-name Ribose_container -O -whole-module-optimization -enforce-exclusivity\=checked @/Users/mulgogi/src/rnp/swift-rnp/Swift-Rnp/Build/Intermediates/Swift-Rnp.build/Direct/Ribose\ container.build/Objects-normal/arm64/Ribose\ container.SwiftFileList -Xcc -fmodule-map-file\=/Users/mulgogi/src/rnp/swift-rnp/Sources/CRnp/module.modulemap -I/Users/mulgogi/src/rnp/swift-rnp/Vendor/RNPFramework.xcframework/macos-arm64_x86_64/RNPFramework.framework/Headers -sdk /Applications/Xcode.app/Contents/Developer/Platforms/MacOSX.platform/Developer/SDKs/MacOSX14.0.sdk -target arm64-apple-macos12.0 -enable-bare-slash-regex -g -module-cache-path /Users/mulgogi/Library/Developer/Xcode/DerivedData/ModuleCache.noindex -Xfrontend -serialize-debugging-options -swift-version 5 -I /Users/mulgogi/src/rnp/swift-rnp/Swift-Rnp/Build/Products/Direct -F /Users/mulgogi/src/rnp/swift-rnp/Swift-Rnp/Build/Products/Direct/PackageFrameworks -F /Users/mulgogi/src/rnp/swift-rnp/Swift-Rnp/Build/Products/Direct/PackageFrameworks -F /Users/mulgogi/src/rnp/swift-rnp/Swift-Rnp/Build/Products/Direct -F /Users/mulgogi/src/rnp/swift-rnp/Vendor -emit-localized-strings -emit-localized-strings-path /Users/mulgogi/src/rnp/swift-rnp/Swift-Rnp/Build/Intermediates/Swift-Rnp.build/Direct/Ribose\ container.build/Objects-normal/arm64 -c -num-threads 10 -output-file-map /Users/mulgogi/src/rnp/swift-rnp/Swift-Rnp/Build/Intermediates/Swift-Rnp.build/Direct/Ribose\ container.build/Objects-normal/arm64/Ribose\ container-OutputFileMap.json -use-frontend-parseable-output -save-temps -no-color-diagnostics -serialize-diagnostics -emit-dependencies -emit-module -emit-module-path /Users/mulgogi/src/rnp/swift-rnp/Swift-Rnp/Build/Intermediates/Swift-Rnp.build/Direct/Ribose\ container.build/Objects-normal/arm64/Ribose_container.swiftmodule -validate-clang-modules-once -clang-build-session-file /Users/mulgogi/Library/Developer/Xcode/DerivedData/ModuleCache.noindex/Session.modulevalidation -Xcc -I/Users/mulgogi/src/rnp/swift-rnp/Swift-Rnp/Build/Intermediates/Swift-Rnp.build/Direct/Ribose\ container.build/swift-overrides.hmap -emit-const-values -Xfrontend -const-gather-protocols-file -Xfrontend /Users/mulgogi/src/rnp/swift-rnp/Swift-Rnp/Build/Intermediates/Swift-Rnp.build/Direct/Ribose\ container.build/Objects-normal/arm64/Ribose\ container_const_extract_protocols.json -Xcc -iquote -Xcc /Users/mulgogi/src/rnp/swift-rnp/Swift-Rnp/Build/Intermediates/Swift-Rnp.build/Direct/Ribose\ container.build/Ribose\ container-generated-files.hmap -Xcc -I/Users/mulgogi/src/rnp/swift-rnp/Swift-Rnp/Build/Intermediates/Swift-Rnp.build/Direct/Ribose\ container.build/Ribose\ container-own-target-headers.hmap -Xcc -I/Users/mulgogi/src/rnp/swift-rnp/Swift-Rnp/Build/Intermediates/Swift-Rnp.build/Direct/Ribose\ container.build/Ribose\ container-all-non-framework-target-headers.hmap -Xcc -ivfsoverlay -Xcc /Users/mulgogi/src/rnp/swift-rnp/Swift-Rnp/Build/Intermediates/Swift-Rnp.build/Direct/Ribose\ container.build/all-product-headers.yaml -Xcc -iquote -Xcc /Users/mulgogi/src/rnp/swift-rnp/Swift-Rnp/Build/Intermediates/Swift-Rnp.build/Direct/Ribose\ container.build/Ribose\ container-project-headers.hmap -Xcc -I/Users/mulgogi/src/rnp/swift-rnp/Swift-Rnp/Build/Products/Direct/include -Xcc -I/Users/mulgogi/src/rnp/swift-rnp/Swift-Rnp/Build/Intermediates/Swift-Rnp.build/Direct/Ribose\ container.build/DerivedSources-normal/arm64 -Xcc -I/Users/mulgogi/src/rnp/swift-rnp/Swift-Rnp/Build/Intermediates/Swift-Rnp.build/Direct/Ribose\ container.build/DerivedSources/arm64 -Xcc -I/Users/mulgogi/src/rnp/swift-rnp/Swift-Rnp/Build/Intermediates/Swift-Rnp.build/Direct/Ribose\ container.build/DerivedSources -emit-objc-header -emit-objc-header-path /Users/mulgogi/src/rnp/swift-rnp/Swift-Rnp/Build/Intermediates/Swift-Rnp.build/Direct/Ribose\ container.build/Objects-normal/arm64/Ribose_container-Swift.h -working-directory /Users/mulgogi/src/rnp/swift-rnp/Swift-Rnp -no-emit-module-separately-wmo

Copy /Users/mulgogi/src/rnp/swift-rnp/Swift-Rnp/Build/Products/Direct/Ribose_container.swiftmodule/arm64-apple-macos.swiftmodule /Users/mulgogi/src/rnp/swift-rnp/Swift-Rnp/Build/Intermediates/Swift-Rnp.build/Direct/Ribose\ container.build/Objects-normal/arm64/Ribose_container.swiftmodule (in target 'Ribose container' from project 'Swift-Rnp')
    cd /Users/mulgogi/src/rnp/swift-rnp/Swift-Rnp
    builtin-copy -exclude .DS_Store -exclude CVS -exclude .svn -exclude .git -exclude .hg -resolve-src-symlinks -rename /Users/mulgogi/src/rnp/swift-rnp/Swift-Rnp/Build/Intermediates/Swift-Rnp.build/Direct/Ribose\ container.build/Objects-normal/arm64/Ribose_container.swiftmodule /Users/mulgogi/src/rnp/swift-rnp/Swift-Rnp/Build/Products/Direct/Ribose_container.swiftmodule/arm64-apple-macos.swiftmodule

Copy /Users/mulgogi/src/rnp/swift-rnp/Swift-Rnp/Build/Products/Direct/Ribose_container.swiftmodule/arm64-apple-macos.abi.json /Users/mulgogi/src/rnp/swift-rnp/Swift-Rnp/Build/Intermediates/Swift-Rnp.build/Direct/Ribose\ container.build/Objects-normal/arm64/Ribose_container.abi.json (in target 'Ribose container' from project 'Swift-Rnp')
    cd /Users/mulgogi/src/rnp/swift-rnp/Swift-Rnp
    builtin-copy -exclude .DS_Store -exclude CVS -exclude .svn -exclude .git -exclude .hg -resolve-src-symlinks -rename /Users/mulgogi/src/rnp/swift-rnp/Swift-Rnp/Build/Intermediates/Swift-Rnp.build/Direct/Ribose\ container.build/Objects-normal/arm64/Ribose_container.abi.json /Users/mulgogi/src/rnp/swift-rnp/Swift-Rnp/Build/Products/Direct/Ribose_container.swiftmodule/arm64-apple-macos.abi.json

Copy /Users/mulgogi/src/rnp/swift-rnp/Swift-Rnp/Build/Products/Direct/Ribose_container.swiftmodule/arm64-apple-macos.swiftdoc /Users/mulgogi/src/rnp/swift-rnp/Swift-Rnp/Build/Intermediates/Swift-Rnp.build/Direct/Ribose\ container.build/Objects-normal/arm64/Ribose_container.swiftdoc (in target 'Ribose container' from project 'Swift-Rnp')
    cd /Users/mulgogi/src/rnp/swift-rnp/Swift-Rnp
    builtin-copy -exclude .DS_Store -exclude CVS -exclude .svn -exclude .git -exclude .hg -resolve-src-symlinks -rename /Users/mulgogi/src/rnp/swift-rnp/Swift-Rnp/Build/Intermediates/Swift-Rnp.build/Direct/Ribose\ container.build/Objects-normal/arm64/Ribose_container.swiftdoc /Users/mulgogi/src/rnp/swift-rnp/Swift-Rnp/Build/Products/Direct/Ribose_container.swiftmodule/arm64-apple-macos.swiftdoc

Copy /Users/mulgogi/src/rnp/swift-rnp/Swift-Rnp/Build/Products/Direct/Ribose_container.swiftmodule/Project/arm64-apple-macos.swiftsourceinfo /Users/mulgogi/src/rnp/swift-rnp/Swift-Rnp/Build/Intermediates/Swift-Rnp.build/Direct/Ribose\ container.build/Objects-normal/arm64/Ribose_container.swiftsourceinfo (in target 'Ribose container' from project 'Swift-Rnp')
    cd /Users/mulgogi/src/rnp/swift-rnp/Swift-Rnp
    builtin-copy -exclude .DS_Store -exclude CVS -exclude .svn -exclude .git -exclude .hg -resolve-src-symlinks -rename /Users/mulgogi/src/rnp/swift-rnp/Swift-Rnp/Build/Intermediates/Swift-Rnp.build/Direct/Ribose\ container.build/Objects-normal/arm64/Ribose_container.swiftsourceinfo /Users/mulgogi/src/rnp/swift-rnp/Swift-Rnp/Build/Products/Direct/Ribose_container.swiftmodule/Project/arm64-apple-macos.swiftsourceinfo

SwiftDriverJobDiscovery normal x86_64 Compiling MailExtensionsContainerApp.swift, KeysManager.swift, ContentView.swift, ContentViewModel.swift, KeysListView.swift, AppGroup.swift, KeychainPassphraseStore.swift, GeneratedAssetSymbols.swift (in target 'Ribose container' from project 'Swift-Rnp')

SwiftDriver\ Compilation\ Requirements Ribose\ container normal x86_64 com.apple.xcode.tools.swift.compiler (in target 'Ribose container' from project 'Swift-Rnp')
    cd /Users/mulgogi/src/rnp/swift-rnp/Swift-Rnp
    builtin-Swift-Compilation-Requirements -- /Applications/Xcode.app/Contents/Developer/Toolchains/XcodeDefault.xctoolchain/usr/bin/swiftc -module-name Ribose_container -O -whole-module-optimization -enforce-exclusivity\=checked @/Users/mulgogi/src/rnp/swift-rnp/Swift-Rnp/Build/Intermediates/Swift-Rnp.build/Direct/Ribose\ container.build/Objects-normal/x86_64/Ribose\ container.SwiftFileList -Xcc -fmodule-map-file\=/Users/mulgogi/src/rnp/swift-rnp/Sources/CRnp/module.modulemap -I/Users/mulgogi/src/rnp/swift-rnp/Vendor/RNPFramework.xcframework/macos-arm64_x86_64/RNPFramework.framework/Headers -sdk /Applications/Xcode.app/Contents/Developer/Platforms/MacOSX.platform/Developer/SDKs/MacOSX14.0.sdk -target x86_64-apple-macos12.0 -enable-bare-slash-regex -g -module-cache-path /Users/mulgogi/Library/Developer/Xcode/DerivedData/ModuleCache.noindex -Xfrontend -serialize-debugging-options -swift-version 5 -I /Users/mulgogi/src/rnp/swift-rnp/Swift-Rnp/Build/Products/Direct -F /Users/mulgogi/src/rnp/swift-rnp/Swift-Rnp/Build/Products/Direct/PackageFrameworks -F /Users/mulgogi/src/rnp/swift-rnp/Swift-Rnp/Build/Products/Direct/PackageFrameworks -F /Users/mulgogi/src/rnp/swift-rnp/Swift-Rnp/Build/Products/Direct -F /Users/mulgogi/src/rnp/swift-rnp/Vendor -emit-localized-strings -emit-localized-strings-path /Users/mulgogi/src/rnp/swift-rnp/Swift-Rnp/Build/Intermediates/Swift-Rnp.build/Direct/Ribose\ container.build/Objects-normal/x86_64 -c -num-threads 10 -output-file-map /Users/mulgogi/src/rnp/swift-rnp/Swift-Rnp/Build/Intermediates/Swift-Rnp.build/Direct/Ribose\ container.build/Objects-normal/x86_64/Ribose\ container-OutputFileMap.json -use-frontend-parseable-output -save-temps -no-color-diagnostics -serialize-diagnostics -emit-dependencies -emit-module -emit-module-path /Users/mulgogi/src/rnp/swift-rnp/Swift-Rnp/Build/Intermediates/Swift-Rnp.build/Direct/Ribose\ container.build/Objects-normal/x86_64/Ribose_container.swiftmodule -validate-clang-modules-once -clang-build-session-file /Users/mulgogi/Library/Developer/Xcode/DerivedData/ModuleCache.noindex/Session.modulevalidation -Xcc -I/Users/mulgogi/src/rnp/swift-rnp/Swift-Rnp/Build/Intermediates/Swift-Rnp.build/Direct/Ribose\ container.build/swift-overrides.hmap -emit-const-values -Xfrontend -const-gather-protocols-file -Xfrontend /Users/mulgogi/src/rnp/swift-rnp/Swift-Rnp/Build/Intermediates/Swift-Rnp.build/Direct/Ribose\ container.build/Objects-normal/x86_64/Ribose\ container_const_extract_protocols.json -Xcc -iquote -Xcc /Users/mulgogi/src/rnp/swift-rnp/Swift-Rnp/Build/Intermediates/Swift-Rnp.build/Direct/Ribose\ container.build/Ribose\ container-generated-files.hmap -Xcc -I/Users/mulgogi/src/rnp/swift-rnp/Swift-Rnp/Build/Intermediates/Swift-Rnp.build/Direct/Ribose\ container.build/Ribose\ container-own-target-headers.hmap -Xcc -I/Users/mulgogi/src/rnp/swift-rnp/Swift-Rnp/Build/Intermediates/Swift-Rnp.build/Direct/Ribose\ container.build/Ribose\ container-all-non-framework-target-headers.hmap -Xcc -ivfsoverlay -Xcc /Users/mulgogi/src/rnp/swift-rnp/Swift-Rnp/Build/Intermediates/Swift-Rnp.build/Direct/Ribose\ container.build/all-product-headers.yaml -Xcc -iquote -Xcc /Users/mulgogi/src/rnp/swift-rnp/Swift-Rnp/Build/Intermediates/Swift-Rnp.build/Direct/Ribose\ container.build/Ribose\ container-project-headers.hmap -Xcc -I/Users/mulgogi/src/rnp/swift-rnp/Swift-Rnp/Build/Products/Direct/include -Xcc -I/Users/mulgogi/src/rnp/swift-rnp/Swift-Rnp/Build/Intermediates/Swift-Rnp.build/Direct/Ribose\ container.build/DerivedSources-normal/x86_64 -Xcc -I/Users/mulgogi/src/rnp/swift-rnp/Swift-Rnp/Build/Intermediates/Swift-Rnp.build/Direct/Ribose\ container.build/DerivedSources/x86_64 -Xcc -I/Users/mulgogi/src/rnp/swift-rnp/Swift-Rnp/Build/Intermediates/Swift-Rnp.build/Direct/Ribose\ container.build/DerivedSources -emit-objc-header -emit-objc-header-path /Users/mulgogi/src/rnp/swift-rnp/Swift-Rnp/Build/Intermediates/Swift-Rnp.build/Direct/Ribose\ container.build/Objects-normal/x86_64/Ribose_container-Swift.h -working-directory /Users/mulgogi/src/rnp/swift-rnp/Swift-Rnp -no-emit-module-separately-wmo

SwiftMergeGeneratedHeaders /Users/mulgogi/src/rnp/swift-rnp/Swift-Rnp/Build/Intermediates/Swift-Rnp.build/Direct/Ribose\ container.build/DerivedSources/Ribose_container-Swift.h /Users/mulgogi/src/rnp/swift-rnp/Swift-Rnp/Build/Intermediates/Swift-Rnp.build/Direct/Ribose\ container.build/Objects-normal/arm64/Ribose_container-Swift.h /Users/mulgogi/src/rnp/swift-rnp/Swift-Rnp/Build/Intermediates/Swift-Rnp.build/Direct/Ribose\ container.build/Objects-normal/x86_64/Ribose_container-Swift.h (in target 'Ribose container' from project 'Swift-Rnp')
    cd /Users/mulgogi/src/rnp/swift-rnp/Swift-Rnp
    builtin-swiftHeaderTool -arch arm64 /Users/mulgogi/src/rnp/swift-rnp/Swift-Rnp/Build/Intermediates/Swift-Rnp.build/Direct/Ribose\ container.build/Objects-normal/arm64/Ribose_container-Swift.h -arch x86_64 /Users/mulgogi/src/rnp/swift-rnp/Swift-Rnp/Build/Intermediates/Swift-Rnp.build/Direct/Ribose\ container.build/Objects-normal/x86_64/Ribose_container-Swift.h -o /Users/mulgogi/src/rnp/swift-rnp/Swift-Rnp/Build/Intermediates/Swift-Rnp.build/Direct/Ribose\ container.build/DerivedSources/Ribose_container-Swift.h

Copy /Users/mulgogi/src/rnp/swift-rnp/Swift-Rnp/Build/Products/Direct/Ribose_container.swiftmodule/x86_64-apple-macos.swiftdoc /Users/mulgogi/src/rnp/swift-rnp/Swift-Rnp/Build/Intermediates/Swift-Rnp.build/Direct/Ribose\ container.build/Objects-normal/x86_64/Ribose_container.swiftdoc (in target 'Ribose container' from project 'Swift-Rnp')
    cd /Users/mulgogi/src/rnp/swift-rnp/Swift-Rnp
    builtin-copy -exclude .DS_Store -exclude CVS -exclude .svn -exclude .git -exclude .hg -resolve-src-symlinks -rename /Users/mulgogi/src/rnp/swift-rnp/Swift-Rnp/Build/Intermediates/Swift-Rnp.build/Direct/Ribose\ container.build/Objects-normal/x86_64/Ribose_container.swiftdoc /Users/mulgogi/src/rnp/swift-rnp/Swift-Rnp/Build/Products/Direct/Ribose_container.swiftmodule/x86_64-apple-macos.swiftdoc

Copy /Users/mulgogi/src/rnp/swift-rnp/Swift-Rnp/Build/Products/Direct/Ribose_container.swiftmodule/x86_64-apple-macos.swiftmodule /Users/mulgogi/src/rnp/swift-rnp/Swift-Rnp/Build/Intermediates/Swift-Rnp.build/Direct/Ribose\ container.build/Objects-normal/x86_64/Ribose_container.swiftmodule (in target 'Ribose container' from project 'Swift-Rnp')
    cd /Users/mulgogi/src/rnp/swift-rnp/Swift-Rnp
    builtin-copy -exclude .DS_Store -exclude CVS -exclude .svn -exclude .git -exclude .hg -resolve-src-symlinks -rename /Users/mulgogi/src/rnp/swift-rnp/Swift-Rnp/Build/Intermediates/Swift-Rnp.build/Direct/Ribose\ container.build/Objects-normal/x86_64/Ribose_container.swiftmodule /Users/mulgogi/src/rnp/swift-rnp/Swift-Rnp/Build/Products/Direct/Ribose_container.swiftmodule/x86_64-apple-macos.swiftmodule

Copy /Users/mulgogi/src/rnp/swift-rnp/Swift-Rnp/Build/Products/Direct/Ribose_container.swiftmodule/x86_64-apple-macos.abi.json /Users/mulgogi/src/rnp/swift-rnp/Swift-Rnp/Build/Intermediates/Swift-Rnp.build/Direct/Ribose\ container.build/Objects-normal/x86_64/Ribose_container.abi.json (in target 'Ribose container' from project 'Swift-Rnp')
    cd /Users/mulgogi/src/rnp/swift-rnp/Swift-Rnp
    builtin-copy -exclude .DS_Store -exclude CVS -exclude .svn -exclude .git -exclude .hg -resolve-src-symlinks -rename /Users/mulgogi/src/rnp/swift-rnp/Swift-Rnp/Build/Intermediates/Swift-Rnp.build/Direct/Ribose\ container.build/Objects-normal/x86_64/Ribose_container.abi.json /Users/mulgogi/src/rnp/swift-rnp/Swift-Rnp/Build/Products/Direct/Ribose_container.swiftmodule/x86_64-apple-macos.abi.json

Copy /Users/mulgogi/src/rnp/swift-rnp/Swift-Rnp/Build/Products/Direct/Ribose_container.swiftmodule/Project/x86_64-apple-macos.swiftsourceinfo /Users/mulgogi/src/rnp/swift-rnp/Swift-Rnp/Build/Intermediates/Swift-Rnp.build/Direct/Ribose\ container.build/Objects-normal/x86_64/Ribose_container.swiftsourceinfo (in target 'Ribose container' from project 'Swift-Rnp')
    cd /Users/mulgogi/src/rnp/swift-rnp/Swift-Rnp
    builtin-copy -exclude .DS_Store -exclude CVS -exclude .svn -exclude .git -exclude .hg -resolve-src-symlinks -rename /Users/mulgogi/src/rnp/swift-rnp/Swift-Rnp/Build/Intermediates/Swift-Rnp.build/Direct/Ribose\ container.build/Objects-normal/x86_64/Ribose_container.swiftsourceinfo /Users/mulgogi/src/rnp/swift-rnp/Swift-Rnp/Build/Products/Direct/Ribose_container.swiftmodule/Project/x86_64-apple-macos.swiftsourceinfo

Ld /Users/mulgogi/src/rnp/swift-rnp/Swift-Rnp/Build/Intermediates/Swift-Rnp.build/Direct/Ribose\ container.build/Objects-normal/arm64/Binary/Ribose\ container normal arm64 (in target 'Ribose container' from project 'Swift-Rnp')
    cd /Users/mulgogi/src/rnp/swift-rnp/Swift-Rnp
    /Applications/Xcode.app/Contents/Developer/Toolchains/XcodeDefault.xctoolchain/usr/bin/clang -Xlinker -reproducible -target arm64-apple-macos12.0 -isysroot /Applications/Xcode.app/Contents/Developer/Platforms/MacOSX.platform/Developer/SDKs/MacOSX14.0.sdk -Os -L/Users/mulgogi/src/rnp/swift-rnp/Swift-Rnp/Build/Intermediates/EagerLinkingTBDs/Direct -L/Users/mulgogi/src/rnp/swift-rnp/Swift-Rnp/Build/Products/Direct -F/Users/mulgogi/src/rnp/swift-rnp/Swift-Rnp/Build/Intermediates/EagerLinkingTBDs/Direct -F/Users/mulgogi/src/rnp/swift-rnp/Swift-Rnp/Build/Products/Direct/PackageFrameworks -F/Users/mulgogi/src/rnp/swift-rnp/Swift-Rnp/Build/Products/Direct/PackageFrameworks -F/Users/mulgogi/src/rnp/swift-rnp/Swift-Rnp/Build/Products/Direct -F/Users/mulgogi/src/rnp/swift-rnp/Swift-Rnp/../Vendor -filelist /Users/mulgogi/src/rnp/swift-rnp/Swift-Rnp/Build/Intermediates/Swift-Rnp.build/Direct/Ribose\ container.build/Objects-normal/arm64/Ribose\ container.LinkFileList -Xlinker -rpath -Xlinker @executable_path/../Frameworks -Xlinker -rpath -Xlinker @loader_path/../Frameworks -Xlinker -object_path_lto -Xlinker /Users/mulgogi/src/rnp/swift-rnp/Swift-Rnp/Build/Intermediates/Swift-Rnp.build/Direct/Ribose\ container.build/Objects-normal/arm64/Ribose\ container_lto.o -fobjc-link-runtime -L/Applications/Xcode.app/Contents/Developer/Toolchains/XcodeDefault.xctoolchain/usr/lib/swift/macosx -L/usr/lib/swift -Xlinker -add_ast_path -Xlinker /Users/mulgogi/src/rnp/swift-rnp/Swift-Rnp/Build/Intermediates/Swift-Rnp.build/Direct/Ribose\ container.build/Objects-normal/arm64/Ribose_container.swiftmodule -F/Users/mulgogi/src/rnp/swift-rnp/Vendor/RNPFramework.xcframework/macos-arm64_x86_64 -framework RNPFramework -framework RNPFramework -Xlinker -dependency_info -Xlinker /Users/mulgogi/src/rnp/swift-rnp/Swift-Rnp/Build/Intermediates/Swift-Rnp.build/Direct/Ribose\ container.build/Objects-normal/arm64/Ribose\ container_dependency_info.dat -o /Users/mulgogi/src/rnp/swift-rnp/Swift-Rnp/Build/Intermediates/Swift-Rnp.build/Direct/Ribose\ container.build/Objects-normal/arm64/Binary/Ribose\ container -Xlinker -add_ast_path -Xlinker /Users/mulgogi/src/rnp/swift-rnp/Swift-Rnp/Build/Intermediates/swift-rnp.build/Direct/Rnp.build/Objects-normal/arm64/Rnp.swiftmodule -Xlinker -add_ast_path -Xlinker /Users/mulgogi/src/rnp/swift-rnp/Swift-Rnp/Build/Intermediates/swift-rnp.build/Direct/MailSecurityEngine.build/Objects-normal/arm64/MailSecurityEngine.swiftmodule

Ld /Users/mulgogi/src/rnp/swift-rnp/Swift-Rnp/Build/Intermediates/Swift-Rnp.build/Direct/Ribose\ container.build/Objects-normal/x86_64/Binary/Ribose\ container normal x86_64 (in target 'Ribose container' from project 'Swift-Rnp')
    cd /Users/mulgogi/src/rnp/swift-rnp/Swift-Rnp
    /Applications/Xcode.app/Contents/Developer/Toolchains/XcodeDefault.xctoolchain/usr/bin/clang -Xlinker -reproducible -target x86_64-apple-macos12.0 -isysroot /Applications/Xcode.app/Contents/Developer/Platforms/MacOSX.platform/Developer/SDKs/MacOSX14.0.sdk -Os -L/Users/mulgogi/src/rnp/swift-rnp/Swift-Rnp/Build/Intermediates/EagerLinkingTBDs/Direct -L/Users/mulgogi/src/rnp/swift-rnp/Swift-Rnp/Build/Products/Direct -F/Users/mulgogi/src/rnp/swift-rnp/Swift-Rnp/Build/Intermediates/EagerLinkingTBDs/Direct -F/Users/mulgogi/src/rnp/swift-rnp/Swift-Rnp/Build/Products/Direct/PackageFrameworks -F/Users/mulgogi/src/rnp/swift-rnp/Swift-Rnp/Build/Products/Direct/PackageFrameworks -F/Users/mulgogi/src/rnp/swift-rnp/Swift-Rnp/Build/Products/Direct -F/Users/mulgogi/src/rnp/swift-rnp/Swift-Rnp/../Vendor -filelist /Users/mulgogi/src/rnp/swift-rnp/Swift-Rnp/Build/Intermediates/Swift-Rnp.build/Direct/Ribose\ container.build/Objects-normal/x86_64/Ribose\ container.LinkFileList -Xlinker -rpath -Xlinker @executable_path/../Frameworks -Xlinker -rpath -Xlinker @loader_path/../Frameworks -Xlinker -object_path_lto -Xlinker /Users/mulgogi/src/rnp/swift-rnp/Swift-Rnp/Build/Intermediates/Swift-Rnp.build/Direct/Ribose\ container.build/Objects-normal/x86_64/Ribose\ container_lto.o -fobjc-link-runtime -L/Applications/Xcode.app/Contents/Developer/Toolchains/XcodeDefault.xctoolchain/usr/lib/swift/macosx -L/usr/lib/swift -Xlinker -add_ast_path -Xlinker /Users/mulgogi/src/rnp/swift-rnp/Swift-Rnp/Build/Intermediates/Swift-Rnp.build/Direct/Ribose\ container.build/Objects-normal/x86_64/Ribose_container.swiftmodule -F/Users/mulgogi/src/rnp/swift-rnp/Vendor/RNPFramework.xcframework/macos-arm64_x86_64 -framework RNPFramework -framework RNPFramework -Xlinker -dependency_info -Xlinker /Users/mulgogi/src/rnp/swift-rnp/Swift-Rnp/Build/Intermediates/Swift-Rnp.build/Direct/Ribose\ container.build/Objects-normal/x86_64/Ribose\ container_dependency_info.dat -o /Users/mulgogi/src/rnp/swift-rnp/Swift-Rnp/Build/Intermediates/Swift-Rnp.build/Direct/Ribose\ container.build/Objects-normal/x86_64/Binary/Ribose\ container -Xlinker -add_ast_path -Xlinker /Users/mulgogi/src/rnp/swift-rnp/Swift-Rnp/Build/Intermediates/swift-rnp.build/Direct/Rnp.build/Objects-normal/x86_64/Rnp.swiftmodule -Xlinker -add_ast_path -Xlinker /Users/mulgogi/src/rnp/swift-rnp/Swift-Rnp/Build/Intermediates/swift-rnp.build/Direct/MailSecurityEngine.build/Objects-normal/x86_64/MailSecurityEngine.swiftmodule

CreateUniversalBinary /Users/mulgogi/src/rnp/swift-rnp/Swift-Rnp/Build/Products/Direct/Ribose\ container.app/Contents/MacOS/Ribose\ container normal arm64\ x86_64 (in target 'Ribose container' from project 'Swift-Rnp')
    cd /Users/mulgogi/src/rnp/swift-rnp/Swift-Rnp
    /Applications/Xcode.app/Contents/Developer/Toolchains/XcodeDefault.xctoolchain/usr/bin/lipo -create /Users/mulgogi/src/rnp/swift-rnp/Swift-Rnp/Build/Intermediates/Swift-Rnp.build/Direct/Ribose\ container.build/Objects-normal/arm64/Binary/Ribose\ container /Users/mulgogi/src/rnp/swift-rnp/Swift-Rnp/Build/Intermediates/Swift-Rnp.build/Direct/Ribose\ container.build/Objects-normal/x86_64/Binary/Ribose\ container -output /Users/mulgogi/src/rnp/swift-rnp/Swift-Rnp/Build/Products/Direct/Ribose\ container.app/Contents/MacOS/Ribose\ container

Copy /Users/mulgogi/src/rnp/swift-rnp/Swift-Rnp/Build/Products/Direct/Ribose\ container.app/Contents/PlugIns/MailPlugin.appex /Users/mulgogi/src/rnp/swift-rnp/Swift-Rnp/Build/Products/Direct/MailPlugin.appex (in target 'Ribose container' from project 'Swift-Rnp')
    cd /Users/mulgogi/src/rnp/swift-rnp/Swift-Rnp
    builtin-copy -exclude .DS_Store -exclude CVS -exclude .svn -exclude .git -exclude .hg -exclude Headers -exclude PrivateHeaders -exclude Modules -exclude \*.tbd -resolve-src-symlinks -remove-static-executable /Users/mulgogi/src/rnp/swift-rnp/Swift-Rnp/Build/Products/Direct/MailPlugin.appex /Users/mulgogi/src/rnp/swift-rnp/Swift-Rnp/Build/Products/Direct/Ribose\ container.app/Contents/PlugIns

Copy /Users/mulgogi/src/rnp/swift-rnp/Swift-Rnp/Build/Products/Direct/Ribose\ container.app/Contents/Frameworks/RNPFramework.framework /Users/mulgogi/src/rnp/swift-rnp/Vendor/RNPFramework.xcframework/macos-arm64_x86_64/RNPFramework.framework (in target 'Ribose container' from project 'Swift-Rnp')
    cd /Users/mulgogi/src/rnp/swift-rnp/Swift-Rnp
    builtin-copy -exclude .DS_Store -exclude CVS -exclude .svn -exclude .git -exclude .hg -exclude Headers -exclude PrivateHeaders -exclude Modules -exclude \*.tbd -resolve-src-symlinks -remove-static-executable /Users/mulgogi/src/rnp/swift-rnp/Vendor/RNPFramework.xcframework/macos-arm64_x86_64/RNPFramework.framework /Users/mulgogi/src/rnp/swift-rnp/Swift-Rnp/Build/Products/Direct/Ribose\ container.app/Contents/Frameworks

ProcessInfoPlistFile /Users/mulgogi/src/rnp/swift-rnp/Swift-Rnp/Build/Products/Direct/Ribose\ container.app/Contents/Info.plist /Users/mulgogi/src/rnp/swift-rnp/Swift-Rnp/MailExtensionsContainer/Info.plist (in target 'Ribose container' from project 'Swift-Rnp')
    cd /Users/mulgogi/src/rnp/swift-rnp/Swift-Rnp
    builtin-infoPlistUtility /Users/mulgogi/src/rnp/swift-rnp/Swift-Rnp/MailExtensionsContainer/Info.plist -producttype com.apple.product-type.application -genpkginfo /Users/mulgogi/src/rnp/swift-rnp/Swift-Rnp/Build/Products/Direct/Ribose\ container.app/Contents/PkgInfo -expandbuildsettings -platform macosx -additionalcontentfile /Users/mulgogi/src/rnp/swift-rnp/Swift-Rnp/Build/Intermediates/Swift-Rnp.build/Direct/Ribose\ container.build/assetcatalog_generated_info.plist -scanforprivacyfile /Users/mulgogi/src/rnp/swift-rnp/Swift-Rnp/Build/Products/Direct/Ribose\ container.app/Contents/Frameworks/RNPFramework.framework -scanforprivacyfile /Users/mulgogi/src/rnp/swift-rnp/Swift-Rnp/Build/Products/Direct/Ribose\ container.app/Contents/PlugIns/MailPlugin.appex -o /Users/mulgogi/src/rnp/swift-rnp/Swift-Rnp/Build/Products/Direct/Ribose\ container.app/Contents/Info.plist

CopySwiftLibs /Users/mulgogi/src/rnp/swift-rnp/Swift-Rnp/Build/Products/Direct/Ribose\ container.app (in target 'Ribose container' from project 'Swift-Rnp')
    cd /Users/mulgogi/src/rnp/swift-rnp/Swift-Rnp
    builtin-swiftStdLibTool --copy --verbose --scan-executable /Users/mulgogi/src/rnp/swift-rnp/Swift-Rnp/Build/Products/Direct/Ribose\ container.app/Contents/MacOS/Ribose\ container --scan-folder /Users/mulgogi/src/rnp/swift-rnp/Swift-Rnp/Build/Products/Direct/Ribose\ container.app/Contents/Frameworks --scan-folder /Users/mulgogi/src/rnp/swift-rnp/Swift-Rnp/Build/Products/Direct/Ribose\ container.app/Contents/PlugIns --scan-folder /Users/mulgogi/src/rnp/swift-rnp/Swift-Rnp/Build/Products/Direct/Ribose\ container.app/Contents/Library/SystemExtensions --scan-folder /Users/mulgogi/src/rnp/swift-rnp/Swift-Rnp/Build/Products/Direct/Ribose\ container.app/Contents/Extensions --platform macosx --toolchain /Applications/Xcode.app/Contents/Developer/Toolchains/XcodeDefault.xctoolchain --destination /Users/mulgogi/src/rnp/swift-rnp/Swift-Rnp/Build/Products/Direct/Ribose\ container.app/Contents/Frameworks --strip-bitcode --strip-bitcode-tool /Applications/Xcode.app/Contents/Developer/Toolchains/XcodeDefault.xctoolchain/usr/bin/bitcode_strip --emit-dependency-info /Users/mulgogi/src/rnp/swift-rnp/Swift-Rnp/Build/Intermediates/Swift-Rnp.build/Direct/Ribose\ container.build/SwiftStdLibToolInputDependencies.dep --filter-for-swift-os
Ignoring --strip-bitcode because --sign was not passed

ExtractAppIntentsMetadata (in target 'Ribose container' from project 'Swift-Rnp')
    cd /Users/mulgogi/src/rnp/swift-rnp/Swift-Rnp
    /Applications/Xcode.app/Contents/Developer/Toolchains/XcodeDefault.xctoolchain/usr/bin/appintentsmetadataprocessor --output /Users/mulgogi/src/rnp/swift-rnp/Swift-Rnp/Build/Products/Direct/Ribose\ container.app/Contents/Resources --toolchain-dir /Applications/Xcode.app/Contents/Developer/Toolchains/XcodeDefault.xctoolchain --module-name Ribose_container --sdk-root /Applications/Xcode.app/Contents/Developer/Platforms/MacOSX.platform/Developer/SDKs/MacOSX14.0.sdk --target-triple arm64-apple-macos12.0 --target-triple x86_64-apple-macos12.0 --source-files /Users/mulgogi/src/rnp/swift-rnp/Swift-Rnp/MailExtensionsContainer/MailExtensionsContainerApp.swift --source-files /Users/mulgogi/src/rnp/swift-rnp/Swift-Rnp/MailExtensionsContainer/Model/KeysManager.swift --source-files /Users/mulgogi/src/rnp/swift-rnp/Swift-Rnp/MailExtensionsContainer/View/ContentView/ContentView.swift --source-files /Users/mulgogi/src/rnp/swift-rnp/Swift-Rnp/MailExtensionsContainer/View/ContentView/ContentViewModel.swift --source-files /Users/mulgogi/src/rnp/swift-rnp/Swift-Rnp/MailExtensionsContainer/View/KeysList/KeysListView.swift --source-files /Users/mulgogi/src/rnp/swift-rnp/Swift-Rnp/Shared/AppGroup.swift --source-files /Users/mulgogi/src/rnp/swift-rnp/Swift-Rnp/Shared/KeychainPassphraseStore.swift --binary-file /Users/mulgogi/src/rnp/swift-rnp/Swift-Rnp/Build/Products/Direct/Ribose\ container.app/Contents/MacOS/Ribose\ container --dependency-file /Users/mulgogi/src/rnp/swift-rnp/Swift-Rnp/Build/Intermediates/Swift-Rnp.build/Direct/Ribose\ container.build/Objects-normal/arm64/Ribose\ container_dependency_info.dat --dependency-file /Users/mulgogi/src/rnp/swift-rnp/Swift-Rnp/Build/Intermediates/Swift-Rnp.build/Direct/Ribose\ container.build/Objects-normal/x86_64/Ribose\ container_dependency_info.dat --swift-const-vals /Users/mulgogi/src/rnp/swift-rnp/Swift-Rnp/Build/Intermediates/Swift-Rnp.build/Direct/Ribose\ container.build/Objects-normal/arm64/Ribose\ container-master.swiftconstvalues --stringsdata-file /Users/mulgogi/src/rnp/swift-rnp/Swift-Rnp/Build/Intermediates/Swift-Rnp.build/Direct/Ribose\ container.build/Objects-normal/arm64/ExtractedAppShortcutsMetadata.stringsdata --stringsdata-file /Users/mulgogi/src/rnp/swift-rnp/Swift-Rnp/Build/Intermediates/Swift-Rnp.build/Direct/Ribose\ container.build/Objects-normal/x86_64/ExtractedAppShortcutsMetadata.stringsdata --compile-time-extraction
note: Metadata extraction skipped. No AppIntents.framework dependency found. (in target 'Ribose container' from project 'Swift-Rnp')

ValidateEmbeddedBinary /Users/mulgogi/src/rnp/swift-rnp/Swift-Rnp/Build/Products/Direct/Ribose\ container.app/Contents/PlugIns/MailPlugin.appex (in target 'Ribose container' from project 'Swift-Rnp')
    cd /Users/mulgogi/src/rnp/swift-rnp/Swift-Rnp
    /Applications/Xcode.app/Contents/Developer/usr/bin/embeddedBinaryValidationUtility /Users/mulgogi/src/rnp/swift-rnp/Swift-Rnp/Build/Products/Direct/Ribose\ container.app/Contents/PlugIns/MailPlugin.appex -info-plist-path /Users/mulgogi/src/rnp/swift-rnp/Swift-Rnp/Build/Products/Direct/Ribose\ container.app/Contents/Info.plist

GenerateDSYMFile /Users/mulgogi/src/rnp/swift-rnp/Swift-Rnp/Build/Products/Direct/Ribose\ container.app.dSYM /Users/mulgogi/src/rnp/swift-rnp/Swift-Rnp/Build/Products/Direct/Ribose\ container.app/Contents/MacOS/Ribose\ container (in target 'Ribose container' from project 'Swift-Rnp')
    cd /Users/mulgogi/src/rnp/swift-rnp/Swift-Rnp
    /Applications/Xcode.app/Contents/Developer/Toolchains/XcodeDefault.xctoolchain/usr/bin/dsymutil /Users/mulgogi/src/rnp/swift-rnp/Swift-Rnp/Build/Products/Direct/Ribose\ container.app/Contents/MacOS/Ribose\ container -o /Users/mulgogi/src/rnp/swift-rnp/Swift-Rnp/Build/Products/Direct/Ribose\ container.app.dSYM

RegisterExecutionPolicyException /Users/mulgogi/src/rnp/swift-rnp/Swift-Rnp/Build/Products/Direct/Ribose\ container.app (in target 'Ribose container' from project 'Swift-Rnp')
    cd /Users/mulgogi/src/rnp/swift-rnp/Swift-Rnp
    builtin-RegisterExecutionPolicyException /Users/mulgogi/src/rnp/swift-rnp/Swift-Rnp/Build/Products/Direct/Ribose\ container.app

Validate /Users/mulgogi/src/rnp/swift-rnp/Swift-Rnp/Build/Products/Direct/Ribose\ container.app (in target 'Ribose container' from project 'Swift-Rnp')
    cd /Users/mulgogi/src/rnp/swift-rnp/Swift-Rnp
    builtin-validationUtility /Users/mulgogi/src/rnp/swift-rnp/Swift-Rnp/Build/Products/Direct/Ribose\ container.app -no-validate-extension

Touch /Users/mulgogi/src/rnp/swift-rnp/Swift-Rnp/Build/Products/Direct/Ribose\ container.app (in target 'Ribose container' from project 'Swift-Rnp')
    cd /Users/mulgogi/src/rnp/swift-rnp/Swift-Rnp
    /usr/bin/touch -c /Users/mulgogi/src/rnp/swift-rnp/Swift-Rnp/Build/Products/Direct/Ribose\ container.app

RegisterWithLaunchServices /Users/mulgogi/src/rnp/swift-rnp/Swift-Rnp/Build/Products/Direct/Ribose\ container.app (in target 'Ribose container' from project 'Swift-Rnp')
    cd /Users/mulgogi/src/rnp/swift-rnp/Swift-Rnp
    /System/Library/Frameworks/CoreServices.framework/Versions/Current/Frameworks/LaunchServices.framework/Versions/Current/Support/lsregister -f -R -trusted /Users/mulgogi/src/rnp/swift-rnp/Swift-Rnp/Build/Products/Direct/Ribose\ container.app

** BUILD SUCCEEDED **

